"# per water scan: the angle-matched sky, the spread the sky choice causes, and the difference from averaging all skies"
water,best_sky,dtheta_deg,sd443_pct,sd555_pct,sdband_pct,diff443_pct,diff555_pct,diffband_pct
00030,00042,0.50,2.8080,0.3538,1.0268,2.1597,0.2185,0.5350
00031,00042,0.60,2.8876,0.3648,1.1151,2.2210,0.2254,0.5630
00032,00042,0.30,2.8542,0.3382,1.0418,2.1953,0.2089,0.5430
00033,00042,0.60,2.6823,0.3328,0.9609,2.0631,0.2056,0.5060
00034,00042,1.70,2.7149,0.3411,1.0408,2.0881,0.2107,0.5267
00035,00042,3.10,2.4298,0.3088,0.8134,1.8689,0.1907,0.4457
00036,00042,0.60,2.5892,0.3429,0.9846,1.9914,0.2118,0.5028
00037,00042,0.80,2.7103,0.3433,1.0447,2.0845,0.2121,0.5266
00038,00042,2.60,2.8262,0.3278,1.0667,2.1737,0.2025,0.5483
