Name,Date,Time,ScanType,OpMode,DualCount,Averages,IntegrationMode,SilInteg,SW1Integ,SW2Integ,Voltage,SysTemp,SW1Temp,SW2Temp,Latitude,Longitude,Altitude,GPSTime,Range,XTilt,YTilt
NaturaSpecPlus_SN25494G1_00000,8/16/2026,1:24:19 PM,TARGET, ALLOW_SWIR2_UPDATE,INDEPENDENT,0,40,AUTOMATIC,60,100,30,15.739504,33.54736328125,20.2336,-15.6697,66.8971767222222,-162.602874152778,1.9,20:24:22,0.984,-1.144,44.290
NaturaSpecPlus_SN25494G1_00001,8/16/2026,1:25:09 PM,TARGET, ALLOW_SWIR2_UPDATE,INDEPENDENT,0,40,AUTOMATIC,100,100,30,15.739504,33.466796875,20.2336,-15.6697,66.8971772333333,-162.602884291667,1.75,20:25:12,0.984,2.469,43.180
NaturaSpecPlus_SN25494G1_00002,8/16/2026,1:26:29 PM,TARGET, ALLOW_SWIR2_UPDATE,INDEPENDENT,0,40,AUTOMATIC,60,100,30,15.700832,33.86962890625,20.3008,-15.6697,66.8971769166667,-162.602891097222,1.75,20:26:32,0.984,-0.641,45.546
NaturaSpecPlus_SN25494G1_00003,8/16/2026,1:26:49 PM,TARGET, ALLOW_SWIR2_UPDATE,INDEPENDENT,0,40,AUTOMATIC,56,100,30,15.700832,33.9501953125,20.3008,-15.6697,66.8971765151515,-162.602888636364,1.8,20:26:51,0.984,-0.043,49.556
NaturaSpecPlus_SN25494G1_00004,8/16/2026,1:27:06 PM,TARGET, ALLOW_SWIR2_UPDATE,INDEPENDENT,0,40,AUTOMATIC,52,100,30,15.700832,34.19189453125,20.2336,-15.6697,66.8971763484849,-162.602884621212,1.86363636363636,20:27:09,0.984,0.115,49.563
NaturaSpecPlus_SN25494G1_00005,8/16/2026,1:31:50 PM,TARGET, ALLOW_SWIR2_UPDATE,INDEPENDENT,0,40,AUTOMATIC,100,100,30,15.584816,35.15869140625,20.3008,-15.6697,66.8971794083333,-162.602893233333,-0.025,20:31:53,1.167,-0.377,41.616
NaturaSpecPlus_SN25494G1_00006,8/16/2026,1:32:14 PM,TARGET, ALLOW_SWIR2_UPDATE,INDEPENDENT,0,40,AUTOMATIC,100,100,30,15.584816,35.400390625,20.2336,-15.6697,66.8971783416667,-162.602898341667,0.305,20:32:17,1.167,-1.803,47.313
NaturaSpecPlus_SN25494G1_00007,8/16/2026,1:32:40 PM,TARGET, ALLOW_SWIR2_UPDATE,INDEPENDENT,0,40,AUTOMATIC,100,100,30,15.56548,35.48095703125,20.3008,-15.6697,66.897177,-162.602902233333,0.44,20:32:43,1.167,-5.943,46.084
NaturaSpecPlus_SN25494G1_00008,8/16/2026,1:33:12 PM,TARGET, ALLOW_SWIR2_UPDATE,INDEPENDENT,0,40,AUTOMATIC,100,100,30,15.546144,35.48095703125,20.3008,-15.6697,66.8971781416667,-162.602902875,0.665,20:33:15,1.167,-1.732,42.888
NaturaSpecPlus_SN25494G1_00009,8/16/2026,1:33:41 PM,TARGET, ALLOW_SWIR2_UPDATE,INDEPENDENT,0,40,AUTOMATIC,56,100,30,15.546144,35.72265625,20.2336,-15.6697,66.8971764242424,-162.602903969697,0.7,20:33:44,1.167,-1.006,46.454
NaturaSpecPlus_SN25494G1_00010,8/16/2026,1:33:57 PM,TARGET, ALLOW_SWIR2_UPDATE,INDEPENDENT,0,40,AUTOMATIC,56,100,30,15.546144,35.80322265625,20.3008,-15.58654,66.8971770416667,-162.602902375,0.6,20:34:00,1.167,-2.625,47.555
NaturaSpecPlus_SN25494G1_00011,8/16/2026,1:34:32 PM,TARGET, ALLOW_SWIR2_UPDATE,INDEPENDENT,0,40,AUTOMATIC,100,100,30,15.526808,35.80322265625,20.368,-15.6697,66.89717755,-162.602898791667,0.54,20:34:35,1.167,-2.094,44.885
NaturaSpecPlus_SN25494G1_00012,8/16/2026,1:35:22 PM,TARGET, ALLOW_SWIR2_UPDATE,INDEPENDENT,0,40,AUTOMATIC,100,100,30,15.507472,36.12548828125,20.3008,-15.6697,66.8971778,-162.602898533333,0.51,20:35:25,1.167,-1.141,42.012
NaturaSpecPlus_SN25494G1_00013,8/16/2026,1:35:54 PM,TARGET, ALLOW_SWIR2_UPDATE,INDEPENDENT,0,40,AUTOMATIC,100,100,30,15.526808,36.3671875,20.2336,-15.58654,66.8971777543859,-162.602900219298,0.5,20:35:56,1.167,-2.572,47.512
NaturaSpecPlus_SN25494G1_00014,8/16/2026,1:36:43 PM,TARGET, ALLOW_SWIR2_UPDATE,INDEPENDENT,0,40,AUTOMATIC,100,100,30,15.488136,36.44775390625,20.368,-15.58654,66.8971766491228,-162.602896254386,0.6,20:36:46,1.492,-4.201,40.393
NaturaSpecPlus_SN25494G1_00015,8/16/2026,1:37:12 PM,TARGET, ALLOW_SWIR2_UPDATE,INDEPENDENT,0,40,AUTOMATIC,100,100,30,15.488136,36.44775390625,20.3008,-15.58654,66.8971764912281,-162.602897561404,0.705263157894737,20:37:15,1.298,-1.776,36.329
NaturaSpecPlus_SN25494G1_00016,8/16/2026,1:37:51 PM,TARGET, ALLOW_SWIR2_UPDATE,INDEPENDENT,0,40,AUTOMATIC,100,100,30,15.4688,36.8505859375,20.368,-15.58654,66.897176925,-162.602903083333,0.8,20:37:55,1.229,-0.996,46.310
NaturaSpecPlus_SN25494G1_00017,8/16/2026,1:38:20 PM,TARGET, ALLOW_SWIR2_UPDATE,INDEPENDENT,0,40,AUTOMATIC,100,100,30,15.449464,37.01171875,20.3008,-15.6697,66.8971773508772,-162.602905885965,0.8,20:38:23,1.229,1.354,45.012
NaturaSpecPlus_SN25494G1_00018,8/16/2026,1:39:34 PM,TARGET, ALLOW_SWIR2_UPDATE,INDEPENDENT,0,40,AUTOMATIC,100,100,30,15.449464,37.09228515625,20.3008,-15.58654,66.897175254386,-162.602906175439,0.9,20:39:37,1.229,-0.200,46.449
NaturaSpecPlus_SN25494G1_00019,8/16/2026,1:40:01 PM,TARGET, ALLOW_SWIR2_UPDATE,INDEPENDENT,0,40,AUTOMATIC,100,100,30,15.449464,37.333984375,20.3008,-15.58654,66.8971735833333,-162.6029082,0.9,20:40:04,1.229,-3.792,39.504
NaturaSpecPlus_SN25494G1_00020,8/16/2026,1:40:25 PM,TARGET, ALLOW_SWIR2_UPDATE,INDEPENDENT,0,40,AUTOMATIC,56,100,30,15.449464,37.41455078125,20.3008,-15.6697,66.8971719305556,-162.602907722222,0.9,20:40:28,1.229,-1.628,45.603
NaturaSpecPlus_SN25494G1_00021,8/16/2026,1:40:55 PM,TARGET, ALLOW_SWIR2_UPDATE,INDEPENDENT,0,40,AUTOMATIC,52,100,30,15.430128,37.73681640625,20.3008,-15.58654,66.8971702575758,-162.602904712121,0.9,20:40:58,1.229,-2.659,46.695
NaturaSpecPlus_SN25494G1_00022,8/16/2026,2:05:45 PM,TARGET, ALLOW_SWIR2_UPDATE,INDEPENDENT,0,40,AUTOMATIC,60,100,30,15.043408,42.490234375,20.4352,-15.2539,66.8969435833333,-162.579845013889,1.69166666666667,21:05:48,0.876,1.108,46.930
NaturaSpecPlus_SN25494G1_00023,8/16/2026,2:06:00 PM,TARGET, ALLOW_SWIR2_UPDATE,INDEPENDENT,0,40,AUTOMATIC,60,100,30,15.062744,42.57080078125,20.4352,-15.2539,66.8969435277778,-162.579848569444,1.63333333333333,21:06:03,0.876,0.037,47.753
NaturaSpecPlus_SN25494G1_00024,8/16/2026,2:06:18 PM,TARGET, ALLOW_SWIR2_UPDATE,INDEPENDENT,0,40,AUTOMATIC,60,100,30,15.043408,42.57080078125,20.368,-15.2539,66.8969424305555,-162.579846888889,1.7,21:06:20,0.876,-0.507,46.612
NaturaSpecPlus_SN25494G1_00025,8/16/2026,2:06:31 PM,TARGET, ALLOW_SWIR2_UPDATE,INDEPENDENT,0,40,AUTOMATIC,60,100,30,15.062744,42.6513671875,20.4352,-15.2539,66.8969428461538,-162.579845923077,1.7,21:06:35,0.876,-1.252,45.889
NaturaSpecPlus_SN25494G1_00026,8/16/2026,2:06:51 PM,TARGET, ALLOW_SWIR2_UPDATE,INDEPENDENT,0,40,AUTOMATIC,60,100,30,15.062744,42.8125,20.368,-15.2539,66.8969426944444,-162.579846277778,1.75833333333333,21:06:54,0.876,-0.049,45.852
NaturaSpecPlus_SN25494G1_00027,8/16/2026,2:07:33 PM,TARGET, ALLOW_SWIR2_UPDATE,INDEPENDENT,0,40,AUTOMATIC,100,100,30,15.024072,42.89306640625,20.368,-15.2539,66.8969417,-162.579846525,1.8,21:07:37,0.876,2.318,47.143
NaturaSpecPlus_SN25494G1_00028,8/16/2026,2:07:57 PM,TARGET, ALLOW_SWIR2_UPDATE,INDEPENDENT,0,40,AUTOMATIC,100,100,30,15.043408,42.89306640625,20.368,-15.2539,66.8969414583333,-162.579850216667,1.8,21:08:00,0.876,3.554,47.520
NaturaSpecPlus_SN25494G1_00029,8/16/2026,2:08:25 PM,TARGET, ALLOW_SWIR2_UPDATE,INDEPENDENT,0,40,AUTOMATIC,100,100,30,15.043408,42.89306640625,20.5024,-15.2539,66.8969399933333,-162.57985106,1.868,21:08:28,0.876,3.193,45.782
NaturaSpecPlus_SN25494G1_00030,8/16/2026,2:09:26 PM,TARGET, ALLOW_SWIR2_UPDATE,INDEPENDENT,0,40,AUTOMATIC,100,100,30,15.024072,43.21533203125,20.4352,-15.17074,66.8969384583333,-162.579851416667,1.915,21:09:29,0.876,-2.669,45.261
NaturaSpecPlus_SN25494G1_00031,8/16/2026,2:09:47 PM,TARGET, ALLOW_SWIR2_UPDATE,INDEPENDENT,0,40,AUTOMATIC,100,100,30,15.024072,43.21533203125,20.4352,-15.2539,66.896938254386,-162.579852885965,2,21:09:50,0.876,-2.291,45.166
NaturaSpecPlus_SN25494G1_00032,8/16/2026,2:10:35 PM,TARGET, ALLOW_SWIR2_UPDATE,INDEPENDENT,0,40,AUTOMATIC,100,100,30,15.004736,43.45703125,20.4352,-15.17074,66.8968602583333,-162.579699483333,2,21:10:38,0.876,-2.058,45.450
NaturaSpecPlus_SN25494G1_00033,8/16/2026,2:11:02 PM,TARGET, ALLOW_SWIR2_UPDATE,INDEPENDENT,0,40,AUTOMATIC,100,100,30,14.9854,43.53759765625,20.4352,-15.17074,66.8968629736842,-162.579708517544,1.63684210526316,21:11:05,0.876,-1.163,45.161
NaturaSpecPlus_SN25494G1_00034,8/16/2026,2:11:52 PM,TARGET, ALLOW_SWIR2_UPDATE,INDEPENDENT,0,40,AUTOMATIC,100,100,30,14.9854,43.779296875,20.4352,-15.08758,66.8968060964912,-162.579612,1.63157894736842,21:11:55,0.876,-0.271,44.129
NaturaSpecPlus_SN25494G1_00035,8/16/2026,2:12:40 PM,TARGET, ALLOW_SWIR2_UPDATE,INDEPENDENT,0,40,AUTOMATIC,100,100,30,14.966064,44.02099609375,20.4352,-15.08758,66.8967176833333,-162.579442425,3.25,21:12:43,0.876,-2.300,42.673
NaturaSpecPlus_SN25494G1_00036,8/16/2026,2:13:33 PM,TARGET, ALLOW_SWIR2_UPDATE,INDEPENDENT,0,40,AUTOMATIC,100,100,30,14.946728,44.1015625,20.368,-15.00442,66.8965698596491,-162.579161245614,2.2,21:13:36,0.972,-1.785,45.223
NaturaSpecPlus_SN25494G1_00037,8/16/2026,2:13:55 PM,TARGET, ALLOW_SWIR2_UPDATE,INDEPENDENT,0,40,AUTOMATIC,100,100,30,14.927392,44.18212890625,20.4352,-15.08758,66.8965706333333,-162.579165383333,2.2,21:13:59,0.972,-2.509,44.952
NaturaSpecPlus_SN25494G1_00038,8/16/2026,2:14:32 PM,TARGET, ALLOW_SWIR2_UPDATE,INDEPENDENT,0,40,AUTOMATIC,100,100,30,14.927392,44.18212890625,20.4352,-15.00442,66.896568275,-162.579158366667,2.17,21:14:35,0.972,-1.355,43.152
NaturaSpecPlus_SN25494G1_00039,8/16/2026,2:14:52 PM,TARGET, ALLOW_SWIR2_UPDATE,INDEPENDENT,0,40,AUTOMATIC,60,100,30,14.946728,44.423828125,20.4352,-15.00442,66.8965656944444,-162.57915525,2,21:14:55,0.972,3.292,48.967
NaturaSpecPlus_SN25494G1_00040,8/16/2026,2:15:06 PM,TARGET, ALLOW_SWIR2_UPDATE,INDEPENDENT,0,40,AUTOMATIC,52,100,30,14.927392,44.423828125,20.5024,-15.00442,66.8965646818182,-162.579151833333,2,21:15:09,0.972,0.366,51.757
NaturaSpecPlus_SN25494G1_00041,8/16/2026,2:15:32 PM,TARGET, ALLOW_SWIR2_UPDATE,INDEPENDENT,0,40,AUTOMATIC,56,100,30,14.908056,44.50439453125,20.4352,-15.00442,66.896564,-162.579146772727,2,21:15:35,0.972,-1.137,51.447
NaturaSpecPlus_SN25494G1_00042,8/16/2026,2:15:53 PM,TARGET, ALLOW_SWIR2_UPDATE,INDEPENDENT,0,40,AUTOMATIC,60,100,30,14.908056,44.5849609375,20.4352,-15.00442,66.896563969697,-162.579144545455,2.1,21:15:55,1.041,-0.091,45.831
NaturaSpecPlus_SN25494G1_00043,8/16/2026,2:16:46 PM,TARGET, ALLOW_SWIR2_UPDATE,INDEPENDENT,0,40,AUTOMATIC,100,100,30,14.88872,44.74609375,20.4352,-15.00442,66.8965663245614,-162.579114359649,2.02631578947368,21:16:49,0.896,-1.125,47.147
NaturaSpecPlus_SN25494G1_00044,8/16/2026,2:18:17 PM,TARGET, ALLOW_SWIR2_UPDATE,INDEPENDENT,0,40,AUTOMATIC,100,100,30,14.869384,45.14892578125,20.4352,-14.8381,66.896570375,-162.579090883333,1.225,21:18:20,1.326,0.408,18.751
NaturaSpecPlus_SN25494G1_00045,8/16/2026,2:44:53 PM,TARGET, ALLOW_SWIR2_UPDATE,INDEPENDENT,0,40,AUTOMATIC,100,100,30,14.366648,49.98291015625,20.5024,44.2055,66.89235995,-162.591524325,1.11,21:44:56,1.085,-1.341,46.184
NaturaSpecPlus_SN25494G1_00046,8/16/2026,2:45:25 PM,TARGET, ALLOW_SWIR2_UPDATE,INDEPENDENT,0,40,AUTOMATIC,100,100,30,14.347312,49.98291015625,20.5024,44.12234,66.8923610438597,-162.591522175439,0.731578947368421,21:45:28,1.085,-2.312,51.312
NaturaSpecPlus_SN25494G1_00047,8/16/2026,2:45:59 PM,TARGET, ALLOW_SWIR2_UPDATE,INDEPENDENT,0,40,AUTOMATIC,100,100,30,14.347312,50.30517578125,20.5024,44.28866,66.8923625701755,-162.591502298246,1.1,21:46:02,1.085,-0.056,46.840
NaturaSpecPlus_SN25494G1_00048,8/16/2026,2:46:58 PM,TARGET, ALLOW_SWIR2_UPDATE,INDEPENDENT,0,40,AUTOMATIC,100,100,30,14.289304,50.46630859375,20.5696,44.2055,66.8923639736842,-162.591473061403,1.18421052631579,21:47:01,1.085,-1.135,46.643
NaturaSpecPlus_SN25494G1_00049,8/16/2026,2:47:18 PM,TARGET, ALLOW_SWIR2_UPDATE,INDEPENDENT,0,40,AUTOMATIC,56,100,30,14.30864,50.546875,20.5024,44.2055,66.8923650555556,-162.591466319444,1.15833333333333,21:47:22,1.085,0.743,47.715
NaturaSpecPlus_SN25494G1_00050,8/16/2026,2:47:32 PM,TARGET, ALLOW_SWIR2_UPDATE,INDEPENDENT,0,40,AUTOMATIC,52,100,30,14.289304,50.546875,20.5696,44.2055,66.8923663939394,-162.591462242424,1.3,21:47:35,1.085,0.172,48.717
NaturaSpecPlus_SN25494G1_00051,8/16/2026,2:47:46 PM,TARGET, ALLOW_SWIR2_UPDATE,INDEPENDENT,0,40,AUTOMATIC,52,100,30,14.30864,50.546875,20.5696,44.2055,66.892366530303,-162.591459151515,1.3,21:47:49,1.085,-0.693,50.636
NaturaSpecPlus_SN25494G1_00052,8/16/2026,3:06:57 PM,TARGET, ALLOW_SWIR2_UPDATE,INDEPENDENT,0,40,AUTOMATIC,48,100,24,14.095944,47.96875,20.5024,-13.1749,66.8923387023809,-162.591513988095,4.6,22:07:00,0.877,1.415,50.269
NaturaSpecPlus_SN25494G1_00053,8/16/2026,3:07:19 PM,TARGET, ALLOW_SWIR2_UPDATE,INDEPENDENT,0,40,AUTOMATIC,44,100,24,14.076608,47.96875,20.5024,-13.1749,66.892336974359,-162.591505358974,4.6,22:07:22,0.877,2.091,53.699
NaturaSpecPlus_SN25494G1_00054,8/16/2026,3:07:40 PM,TARGET, ALLOW_SWIR2_UPDATE,INDEPENDENT,0,40,AUTOMATIC,48,100,24,14.057272,48.04931640625,20.5024,-13.1749,66.8923368928571,-162.591496988095,4.43571428571429,22:07:43,0.877,3.324,48.140
NaturaSpecPlus_SN25494G1_00055,8/16/2026,3:08:10 PM,TARGET, ALLOW_SWIR2_UPDATE,INDEPENDENT,0,40,AUTOMATIC,100,100,24,14.057272,47.96875,20.4352,-13.09174,66.8923361666667,-162.591493692982,4.28947368421052,22:08:13,0.877,1.281,46.236
NaturaSpecPlus_SN25494G1_00056,8/16/2026,3:08:34 PM,TARGET, ALLOW_SWIR2_UPDATE,INDEPENDENT,0,40,AUTOMATIC,100,100,24,14.037936,47.96875,20.5696,-13.00858,66.8923362368421,-162.591493666667,4.4,22:08:37,0.877,-1.249,48.347
NaturaSpecPlus_SN25494G1_00057,8/16/2026,3:09:34 PM,TARGET, ALLOW_SWIR2_UPDATE,INDEPENDENT,0,40,AUTOMATIC,100,100,24,13.999264,48.04931640625,20.5024,-13.00858,66.89233395,-162.5915045,4.74,22:09:37,0.877,-7.193,39.727
NaturaSpecPlus_SN25494G1_00058,8/16/2026,3:10:18 PM,TARGET, ALLOW_SWIR2_UPDATE,INDEPENDENT,0,40,AUTOMATIC,100,100,24,13.999264,48.04931640625,20.5024,-13.00858,66.8923323416667,-162.591502025,4.76,22:10:22,0.877,-2.260,44.834
NaturaSpecPlus_SN25494G1_00059,8/16/2026,3:10:42 PM,TARGET, ALLOW_SWIR2_UPDATE,INDEPENDENT,0,40,AUTOMATIC,100,100,24,13.960592,48.04931640625,20.5024,-12.84226,66.8923316052631,-162.591500640351,4.67894736842105,22:10:45,,,
