wavelength,Rrs_ref0.3067,Rrs_ref0.2788,Rrs_ref0.2383,Rrs_ref0.2318,Rrs_ref0.2291
350.0,2.21694101e-03,2.14416439e-03,2.78475322e-03,5.64762372e-04,5.56205260e-04
351.0,2.21300462e-03,2.14085640e-03,2.78886571e-03,5.74824802e-04,5.60832037e-04
352.0,2.21366527e-03,2.14185751e-03,2.79630929e-03,5.88890978e-04,5.73278220e-04
353.0,2.21348978e-03,2.14732437e-03,2.80749504e-03,6.08927732e-04,5.88110887e-04
354.0,2.21291479e-03,2.15129945e-03,2.82071110e-03,6.30924073e-04,6.03802272e-04
355.0,2.21349966e-03,2.15449330e-03,2.83342935e-03,6.46373729e-04,6.22182200e-04
356.0,2.21563697e-03,2.16056382e-03,2.84150692e-03,6.59219253e-04,6.42884417e-04
357.0,2.21626696e-03,2.16579305e-03,2.85337991e-03,6.78274386e-04,6.61158461e-04
358.0,2.21262356e-03,2.17012196e-03,2.86320931e-03,6.91803944e-04,6.75422604e-04
359.0,2.20701775e-03,2.16799397e-03,2.86865898e-03,6.98302349e-04,6.87091934e-04
360.0,2.20129633e-03,2.16487690e-03,2.86856403e-03,7.02669280e-04,6.95617129e-04
361.0,2.19942046e-03,2.16390005e-03,2.86501071e-03,7.10182980e-04,7.06264221e-04
362.0,2.19949377e-03,2.16730088e-03,2.86243770e-03,7.22419549e-04,7.22506212e-04
363.0,2.19767973e-03,2.17300593e-03,2.86252527e-03,7.43270971e-04,7.37592252e-04
364.0,2.19674773e-03,2.17625260e-03,2.86150865e-03,7.60245754e-04,7.51300649e-04
365.0,2.19707083e-03,2.18193502e-03,2.86003928e-03,7.72405930e-04,7.65621346e-04
366.0,2.19862435e-03,2.18973309e-03,2.85800950e-03,7.89548851e-04,7.81827366e-04
367.0,2.20252443e-03,2.20101278e-03,2.85776112e-03,8.08130923e-04,7.98940002e-04
368.0,2.20957090e-03,2.21758636e-03,2.85900027e-03,8.29314614e-04,8.20222430e-04
369.0,2.21898371e-03,2.23760678e-03,2.86345434e-03,8.52373744e-04,8.44993191e-04
370.0,2.22781683e-03,2.25682635e-03,2.87084429e-03,8.78773231e-04,8.70860812e-04
371.0,2.23446037e-03,2.27310199e-03,2.88039366e-03,9.07227265e-04,8.93965539e-04
372.0,2.23504758e-03,2.28443936e-03,2.88681455e-03,9.28502597e-04,9.13942966e-04
373.0,2.23403735e-03,2.29289028e-03,2.89040091e-03,9.47567512e-04,9.32017968e-04
374.0,2.23357220e-03,2.30003166e-03,2.89134946e-03,9.56561129e-04,9.46843095e-04
375.0,2.23049218e-03,2.30420151e-03,2.88928281e-03,9.67083838e-04,9.58073069e-04
376.0,2.22796701e-03,2.30493481e-03,2.88401995e-03,9.70854362e-04,9.64025682e-04
377.0,2.23521465e-03,2.31731596e-03,2.87753346e-03,9.82609785e-04,9.79890154e-04
378.0,2.25008582e-03,2.34307393e-03,2.87535020e-03,1.00215850e-03,1.00490377e-03
379.0,2.26964568e-03,2.37579159e-03,2.88370054e-03,1.03349844e-03,1.03615760e-03
380.0,2.28753501e-03,2.40629357e-03,2.90401932e-03,1.07304966e-03,1.07197797e-03
381.0,2.29849506e-03,2.42723051e-03,2.92293906e-03,1.11296704e-03,1.10465569e-03
382.0,2.30785676e-03,2.44312550e-03,2.93769091e-03,1.14462566e-03,1.13362411e-03
383.0,2.31471759e-03,2.45518814e-03,2.95054460e-03,1.16444599e-03,1.15748201e-03
384.0,2.31615435e-03,2.45817909e-03,2.95519192e-03,1.18284012e-03,1.17243001e-03
385.0,2.31719263e-03,2.46066786e-03,2.95851544e-03,1.18935445e-03,1.18261691e-03
386.0,2.32103587e-03,2.46682420e-03,2.96323086e-03,1.20113819e-03,1.19673397e-03
387.0,2.32578517e-03,2.47437272e-03,2.96424560e-03,1.21456176e-03,1.21275935e-03
388.0,2.33608133e-03,2.48929934e-03,2.96269758e-03,1.22710885e-03,1.23049268e-03
389.0,2.35261414e-03,2.51419729e-03,2.96599564e-03,1.24264206e-03,1.25071418e-03
390.0,2.36786409e-03,2.53691031e-03,2.97966139e-03,1.26429096e-03,1.27555212e-03
391.0,2.38646353e-03,2.56240989e-03,2.98826509e-03,1.28897692e-03,1.30384252e-03
392.0,2.41058293e-03,2.59562027e-03,3.00044049e-03,1.31896161e-03,1.33380850e-03
393.0,2.42537869e-03,2.62337374e-03,3.02508835e-03,1.35308980e-03,1.36668514e-03
394.0,2.42363807e-03,2.62283785e-03,3.04619799e-03,1.39347338e-03,1.39492861e-03
395.0,2.41702143e-03,2.61224698e-03,3.04655091e-03,1.41243475e-03,1.40605935e-03
396.0,2.41824861e-03,2.61549082e-03,3.04144016e-03,1.41894814e-03,1.41439028e-03
397.0,2.42256173e-03,2.62403139e-03,3.03899415e-03,1.42845766e-03,1.42788275e-03
398.0,2.42546312e-03,2.62960151e-03,3.03716755e-03,1.43807725e-03,1.44017688e-03
399.0,2.43356906e-03,2.64023385e-03,3.02771255e-03,1.44400148e-03,1.44921123e-03
400.0,2.44926073e-03,2.66200272e-03,3.02338350e-03,1.45054389e-03,1.46214844e-03
401.0,2.46571925e-03,2.68727085e-03,3.02659248e-03,1.46639537e-03,1.48304995e-03
402.0,2.48163291e-03,2.71035135e-03,3.03097770e-03,1.48855495e-03,1.50513108e-03
403.0,2.49703576e-03,2.73370586e-03,3.03687958e-03,1.51289817e-03,1.52791689e-03
404.0,2.51068923e-03,2.75333795e-03,3.04539577e-03,1.54185564e-03,1.55271106e-03
405.0,2.52165593e-03,2.77029744e-03,3.05046906e-03,1.56987490e-03,1.57654678e-03
406.0,2.53412770e-03,2.78754961e-03,3.05332595e-03,1.59213770e-03,1.59810632e-03
407.0,2.54762386e-03,2.80692269e-03,3.05670846e-03,1.60833800e-03,1.61851966e-03
408.0,2.56143308e-03,2.82618425e-03,3.06053743e-03,1.62886224e-03,1.64093080e-03
409.0,2.57638426e-03,2.84666037e-03,3.06456877e-03,1.64624463e-03,1.66326892e-03
410.0,2.59072556e-03,2.86828203e-03,3.06958309e-03,1.66755606e-03,1.68660141e-03
411.0,2.60467444e-03,2.88791753e-03,3.07136953e-03,1.68983462e-03,1.70785429e-03
412.0,2.62248856e-03,2.91135366e-03,3.07561463e-03,1.70870895e-03,1.72984496e-03
413.0,2.64045152e-03,2.93710211e-03,3.08168886e-03,1.73059109e-03,1.75415460e-03
414.0,2.66002279e-03,2.96283797e-03,3.09073438e-03,1.75715640e-03,1.78109104e-03
415.0,2.67933856e-03,2.98885186e-03,3.10027278e-03,1.78349778e-03,1.80796761e-03
416.0,2.70041294e-03,3.01569362e-03,3.11222504e-03,1.80808995e-03,1.83459194e-03
417.0,2.72185876e-03,3.04225668e-03,3.12681838e-03,1.83723061e-03,1.86425638e-03
418.0,2.74180744e-03,3.06842383e-03,3.14056026e-03,1.86627375e-03,1.89470106e-03
419.0,2.76334168e-03,3.09652927e-03,3.15237374e-03,1.89523747e-03,1.92382859e-03
420.0,2.78646955e-03,3.12639211e-03,3.16532873e-03,1.92114587e-03,1.95186990e-03
421.0,2.81094838e-03,3.15796489e-03,3.17807952e-03,1.95102640e-03,1.98143859e-03
422.0,2.83748992e-03,3.19119819e-03,3.19340354e-03,1.98086154e-03,2.01339469e-03
423.0,2.86203568e-03,3.22268645e-03,3.20858832e-03,2.01300562e-03,2.04665538e-03
424.0,2.88558198e-03,3.25403352e-03,3.22279246e-03,2.03968952e-03,2.07759180e-03
425.0,2.91181216e-03,3.28898033e-03,3.23416016e-03,2.06843914e-03,2.10922965e-03
426.0,2.93916695e-03,3.32607391e-03,3.24689609e-03,2.09444142e-03,2.13985846e-03
427.0,2.97116644e-03,3.37146994e-03,3.25566559e-03,2.11851961e-03,2.16650374e-03
428.0,3.00632769e-03,3.41735820e-03,3.28053723e-03,2.14315429e-03,2.20224051e-03
429.0,3.02922820e-03,3.44508317e-03,3.31909802e-03,2.19671796e-03,2.25479921e-03
430.0,3.04036576e-03,3.45382459e-03,3.33250657e-03,2.26115407e-03,2.30480426e-03
431.0,3.05936086e-03,3.47894001e-03,3.32459502e-03,2.28112629e-03,2.31844254e-03
432.0,3.08748811e-03,3.52125548e-03,3.32697337e-03,2.28288935e-03,2.33293366e-03
433.0,3.11355710e-03,3.55885045e-03,3.34383567e-03,2.31024684e-03,2.36417703e-03
434.0,3.13499233e-03,3.58862918e-03,3.35445315e-03,2.34706851e-03,2.40081176e-03
435.0,3.16336644e-03,3.62694629e-03,3.35958352e-03,2.36400693e-03,2.42090815e-03
436.0,3.19978255e-03,3.67575602e-03,3.37630328e-03,2.38024127e-03,2.44622154e-03
437.0,3.23636953e-03,3.71878279e-03,3.40672699e-03,2.41827677e-03,2.48805739e-03
438.0,3.26914086e-03,3.75438806e-03,3.43999121e-03,2.46942413e-03,2.53811411e-03
439.0,3.29997260e-03,3.78650974e-03,3.46698882e-03,2.51307456e-03,2.57964122e-03
440.0,3.33471519e-03,3.82467665e-03,3.49377232e-03,2.55131851e-03,2.61748636e-03
441.0,3.37113550e-03,3.86589336e-03,3.52341085e-03,2.58310374e-03,2.65389361e-03
442.0,3.41284997e-03,3.91438910e-03,3.55801799e-03,2.61963538e-03,2.69334599e-03
443.0,3.45631264e-03,3.96254819e-03,3.59958549e-03,2.65568083e-03,2.73528638e-03
444.0,3.50282831e-03,4.01017647e-03,3.64986327e-03,2.70163773e-03,2.78577618e-03
445.0,3.54720088e-03,4.05191483e-03,3.70442171e-03,2.75708845e-03,2.84359810e-03
446.0,3.59043610e-03,4.09417931e-03,3.75260384e-03,2.81618697e-03,2.89764931e-03
447.0,3.63434031e-03,4.13662729e-03,3.80097152e-03,2.86198480e-03,2.94560762e-03
448.0,3.67698113e-03,4.17897383e-03,3.84977409e-03,2.90741359e-03,2.99514259e-03
449.0,3.72035066e-03,4.22404276e-03,3.89541449e-03,2.95310584e-03,3.04247818e-03
450.0,3.76568032e-03,4.27313319e-03,3.93873532e-03,2.99013588e-03,3.08170117e-03
451.0,3.81280240e-03,4.32329776e-03,3.99036308e-03,3.02534785e-03,3.12492944e-03
452.0,3.85637256e-03,4.36452160e-03,4.04739561e-03,3.08601645e-03,3.18765753e-03
453.0,3.89154580e-03,4.39120516e-03,4.09358868e-03,3.14226936e-03,3.23593050e-03
454.0,3.93006071e-03,4.43190117e-03,4.13497578e-03,3.18661443e-03,3.28400660e-03
455.0,3.96658799e-03,4.46774062e-03,4.17427551e-03,3.22995875e-03,3.32498266e-03
456.0,4.00242737e-03,4.50576656e-03,4.20483299e-03,3.25953177e-03,3.35598191e-03
457.0,4.04782826e-03,4.55047398e-03,4.25123790e-03,3.29115754e-03,3.39843795e-03
458.0,4.07419354e-03,4.57456582e-03,4.28810968e-03,3.33243692e-03,3.44194370e-03
459.0,4.10818939e-03,4.61103424e-03,4.33183905e-03,3.38428903e-03,3.49039107e-03
460.0,4.14072618e-03,4.64121427e-03,4.36491380e-03,3.42375882e-03,3.52764842e-03
461.0,4.17737741e-03,4.67840044e-03,4.39765672e-03,3.45757083e-03,3.56261654e-03
462.0,4.21661081e-03,4.72067258e-03,4.43572632e-03,3.48669585e-03,3.59637263e-03
463.0,4.24944544e-03,4.75615151e-03,4.47764661e-03,3.52346161e-03,3.63684953e-03
464.0,4.28874736e-03,4.79483140e-03,4.51803269e-03,3.57394208e-03,3.68347568e-03
465.0,4.32742791e-03,4.82605028e-03,4.56152817e-03,3.61302521e-03,3.72544820e-03
466.0,4.36254475e-03,4.86117454e-03,4.60110671e-03,3.65581526e-03,3.77030100e-03
467.0,4.39795941e-03,4.89635541e-03,4.63734324e-03,3.70690855e-03,3.81172884e-03
468.0,4.43846236e-03,4.93493620e-03,4.67277866e-03,3.73769811e-03,3.84855884e-03
469.0,4.47334639e-03,4.96673283e-03,4.71495690e-03,3.77020072e-03,3.89047798e-03
470.0,4.50540811e-03,4.99642527e-03,4.75065056e-03,3.83250813e-03,3.94321825e-03
471.0,4.54272110e-03,5.03243243e-03,4.77903570e-03,3.86339153e-03,3.97251884e-03
472.0,4.58098637e-03,5.07069926e-03,4.81239192e-03,3.89960534e-03,4.01397259e-03
473.0,4.61513808e-03,5.10393795e-03,4.84324689e-03,3.94546336e-03,4.05376653e-03
474.0,4.65222092e-03,5.14295487e-03,4.87025206e-03,3.97441654e-03,4.08804441e-03
475.0,4.68756470e-03,5.17330931e-03,4.90639271e-03,4.01164716e-03,4.13014752e-03
476.0,4.72309365e-03,5.20550133e-03,4.93303689e-03,4.05966682e-03,4.17453255e-03
477.0,4.75491715e-03,5.24194719e-03,4.96015131e-03,4.09501455e-03,4.20888732e-03
478.0,4.79271600e-03,5.28066747e-03,4.98610800e-03,4.13190412e-03,4.24583386e-03
479.0,4.82597932e-03,5.31445281e-03,5.01379386e-03,4.16397241e-03,4.28190312e-03
480.0,4.86074587e-03,5.34936515e-03,5.03921325e-03,4.20293499e-03,4.31696636e-03
481.0,4.89379711e-03,5.38970189e-03,5.06702098e-03,4.22892799e-03,4.35088302e-03
482.0,4.93440739e-03,5.42869121e-03,5.09875982e-03,4.26209709e-03,4.38533025e-03
483.0,4.96812281e-03,5.47661114e-03,5.12251745e-03,4.29900727e-03,4.41472576e-03
484.0,5.01390479e-03,5.52700856e-03,5.16288511e-03,4.30265181e-03,4.43572073e-03
485.0,5.05223173e-03,5.55778452e-03,5.23469744e-03,4.37412123e-03,4.51308200e-03
486.0,5.08296251e-03,5.57512729e-03,5.27664447e-03,4.47367146e-03,4.58948133e-03
487.0,5.11946223e-03,5.61213006e-03,5.31265149e-03,4.49812845e-03,4.61576754e-03
488.0,5.15667004e-03,5.65603069e-03,5.34721472e-03,4.53370264e-03,4.64947598e-03
489.0,5.19769931e-03,5.70022333e-03,5.37796668e-03,4.56023424e-03,4.67526465e-03
490.0,5.24604674e-03,5.75457947e-03,5.42863393e-03,4.57308778e-03,4.70447702e-03
491.0,5.29084335e-03,5.79717396e-03,5.48953783e-03,4.63572343e-03,4.76078265e-03
492.0,5.33859125e-03,5.83561932e-03,5.54934054e-03,4.70009571e-03,4.82407008e-03
493.0,5.38420417e-03,5.88385809e-03,5.59549587e-03,4.73887802e-03,4.86137873e-03
494.0,5.43374096e-03,5.93061592e-03,5.64684152e-03,4.77587065e-03,4.89995380e-03
495.0,5.49243243e-03,5.98671304e-03,5.70987997e-03,4.82572624e-03,4.95204586e-03
496.0,5.54778530e-03,6.04216874e-03,5.76536685e-03,4.86822488e-03,4.99457078e-03
497.0,5.60582407e-03,6.09390036e-03,5.83135513e-03,4.91833840e-03,5.04999078e-03
498.0,5.66807512e-03,6.15181152e-03,5.90014141e-03,4.98174996e-03,5.11254927e-03
499.0,5.73187110e-03,6.21005371e-03,5.96206218e-03,5.02385594e-03,5.15588447e-03
500.0,5.79928504e-03,6.26388486e-03,6.04580561e-03,5.09490088e-03,5.23047656e-03
501.0,5.85934389e-03,6.31714531e-03,6.11379819e-03,5.16825266e-03,5.29655226e-03
502.0,5.92327101e-03,6.37031083e-03,6.17733293e-03,5.22097388e-03,5.34689132e-03
503.0,5.99294361e-03,6.42699021e-03,6.25471680e-03,5.28646581e-03,5.41276651e-03
504.0,6.05610149e-03,6.47909690e-03,6.31507840e-03,5.36583971e-03,5.48139996e-03
505.0,6.13103220e-03,6.54907787e-03,6.37282995e-03,5.40325291e-03,5.52275337e-03
506.0,6.19894469e-03,6.60892435e-03,6.43902263e-03,5.44410962e-03,5.57388871e-03
507.0,6.27132315e-03,6.66506869e-03,6.50823241e-03,5.53198590e-03,5.65211775e-03
508.0,6.34118794e-03,6.72195530e-03,6.56456480e-03,5.59301909e-03,5.70792531e-03
509.0,6.41119029e-03,6.77925913e-03,6.62096333e-03,5.63761400e-03,5.76091220e-03
510.0,6.48644133e-03,6.84297936e-03,6.67429116e-03,5.70913386e-03,5.82306501e-03
511.0,6.55933686e-03,6.90766997e-03,6.72605933e-03,5.75173875e-03,5.86404053e-03
512.0,6.63782282e-03,6.97208253e-03,6.79414525e-03,5.80176978e-03,5.92628332e-03
513.0,6.71124873e-03,7.02668799e-03,6.86090245e-03,5.87945797e-03,5.99810012e-03
514.0,6.78831374e-03,7.10139116e-03,6.91125494e-03,5.94511147e-03,6.05050942e-03
515.0,6.87793662e-03,7.17289599e-03,6.98251181e-03,5.96626365e-03,6.09301600e-03
516.0,6.96417374e-03,7.24137959e-03,7.08253935e-03,6.06499812e-03,6.19174760e-03
517.0,7.04428506e-03,7.28264156e-03,7.17531640e-03,6.19759055e-03,6.30129074e-03
518.0,7.11438099e-03,7.33927100e-03,7.24877651e-03,6.27020019e-03,6.37890225e-03
519.0,7.20110931e-03,7.41051924e-03,7.32315882e-03,6.35337942e-03,6.43805538e-03
520.0,7.27808311e-03,7.48273998e-03,7.39110135e-03,6.39492812e-03,6.49125060e-03
521.0,7.36406662e-03,7.55033036e-03,7.48122496e-03,6.45718299e-03,6.54859767e-03
522.0,7.44415651e-03,7.61121194e-03,7.57430502e-03,6.53840677e-03,6.63489981e-03
523.0,7.53393868e-03,7.68459666e-03,7.66891451e-03,6.62259738e-03,6.70703404e-03
524.0,7.61081663e-03,7.76993844e-03,7.73830067e-03,6.65854266e-03,6.74203975e-03
525.0,7.70465731e-03,7.84170176e-03,7.85859766e-03,6.70433258e-03,6.80675479e-03
526.0,7.79018257e-03,7.89507034e-03,7.99516911e-03,6.82506539e-03,6.92779875e-03
527.0,7.86952910e-03,7.95186216e-03,8.10103390e-03,6.95589177e-03,7.02507821e-03
528.0,7.95186889e-03,8.02432460e-03,8.19366876e-03,6.99412528e-03,7.07024981e-03
529.0,8.03922494e-03,8.10183775e-03,8.30661489e-03,7.05523599e-03,7.13298117e-03
530.0,8.12177993e-03,8.17665916e-03,8.39993645e-03,7.12130224e-03,7.18684041e-03
531.0,8.21261324e-03,8.25232060e-03,8.52693444e-03,7.16754089e-03,7.25237083e-03
532.0,8.29713780e-03,8.31261187e-03,8.65542021e-03,7.26523602e-03,7.34228537e-03
533.0,8.38096005e-03,8.37069327e-03,8.78211232e-03,7.36667492e-03,7.43865694e-03
534.0,8.46240917e-03,8.44385958e-03,8.88547365e-03,7.44005150e-03,7.49930580e-03
535.0,8.54971356e-03,8.51452019e-03,8.99986804e-03,7.48654250e-03,7.55323723e-03
536.0,8.63057261e-03,8.57930842e-03,9.11709526e-03,7.55728396e-03,7.62848497e-03
537.0,8.72027149e-03,8.65247539e-03,9.23136063e-03,7.64479773e-03,7.70227156e-03
538.0,8.79736370e-03,8.72179618e-03,9.32972280e-03,7.68748413e-03,7.74899122e-03
539.0,8.88462341e-03,8.78255919e-03,9.45874826e-03,7.76980424e-03,7.83352632e-03
540.0,8.96064755e-03,8.83452333e-03,9.57166044e-03,7.86501238e-03,7.92306925e-03
541.0,9.04645631e-03,8.89972811e-03,9.67907345e-03,7.94925679e-03,7.99265825e-03
542.0,9.12421636e-03,8.96348599e-03,9.77905990e-03,8.01037334e-03,8.05831325e-03
543.0,9.20430384e-03,9.02574338e-03,9.87486443e-03,8.08052894e-03,8.12169895e-03
544.0,9.28211350e-03,9.08900174e-03,9.96481903e-03,8.14258988e-03,8.17841449e-03
545.0,9.35853641e-03,9.15306555e-03,1.00510016e-02,8.19897077e-03,8.23656990e-03
546.0,9.43701383e-03,9.20871588e-03,1.01452336e-02,8.26495676e-03,8.30152217e-03
547.0,9.50836594e-03,9.26323638e-03,1.02295621e-02,8.33900231e-03,8.37234117e-03
548.0,9.58790220e-03,9.32192123e-03,1.03112815e-02,8.41189527e-03,8.43463677e-03
549.0,9.66025638e-03,9.37887044e-03,1.03872135e-02,8.46054943e-03,8.48844943e-03
550.0,9.74118293e-03,9.44112170e-03,1.04724847e-02,8.53466806e-03,8.55640367e-03
551.0,9.81050342e-03,9.49280337e-03,1.05507451e-02,8.59614206e-03,8.61389741e-03
552.0,9.88997090e-03,9.55351663e-03,1.06412690e-02,8.67034462e-03,8.68482752e-03
553.0,9.95831399e-03,9.60351232e-03,1.07184402e-02,8.74447515e-03,8.75228213e-03
554.0,1.00306593e-02,9.66538524e-03,1.07863487e-02,8.80490072e-03,8.80329674e-03
555.0,1.01019746e-02,9.72335424e-03,1.08650284e-02,8.85220969e-03,8.85902228e-03
556.0,1.01715460e-02,9.77743435e-03,1.09381846e-02,8.92404074e-03,8.92269944e-03
557.0,1.02332720e-02,9.82623879e-03,1.10061975e-02,8.98477394e-03,8.98048301e-03
558.0,1.03007136e-02,9.87180582e-03,1.10869803e-02,9.05964863e-03,9.05418030e-03
559.0,1.03623471e-02,9.91485201e-03,1.11467959e-02,9.14669821e-03,9.12387645e-03
560.0,1.04209469e-02,9.96539203e-03,1.12000071e-02,9.18947156e-03,9.16748509e-03
561.0,1.04754034e-02,1.00113424e-02,1.12463122e-02,9.23897641e-03,9.21521896e-03
562.0,1.05342405e-02,1.00569210e-02,1.12955625e-02,9.29708750e-03,9.26142927e-03
563.0,1.05825851e-02,1.01020797e-02,1.13279174e-02,9.33129433e-03,9.29864591e-03
564.0,1.06284341e-02,1.01387698e-02,1.13645056e-02,9.36559098e-03,9.33230526e-03
565.0,1.06747682e-02,1.01744442e-02,1.14057728e-02,9.41692173e-03,9.38345163e-03
566.0,1.07132022e-02,1.02103186e-02,1.14236198e-02,9.46326664e-03,9.41202026e-03
567.0,1.07514836e-02,1.02483830e-02,1.14370793e-02,9.46956105e-03,9.42718775e-03
568.0,1.07850505e-02,1.02823207e-02,1.14511348e-02,9.51062027e-03,9.45580232e-03
569.0,1.08132978e-02,1.03032679e-02,1.14603363e-02,9.52885230e-03,9.47459158e-03
570.0,1.08417710e-02,1.03234955e-02,1.14714500e-02,9.57058907e-03,9.51431661e-03
571.0,1.08672096e-02,1.03469360e-02,1.14630238e-02,9.60782253e-03,9.53240824e-03
572.0,1.08858875e-02,1.03779864e-02,1.14346780e-02,9.59531000e-03,9.52074511e-03
573.0,1.09062373e-02,1.04059529e-02,1.14015030e-02,9.58208100e-03,9.51016899e-03
574.0,1.09192690e-02,1.04209560e-02,1.13767266e-02,9.57472857e-03,9.50770405e-03
575.0,1.09339972e-02,1.04371881e-02,1.13432863e-02,9.58673977e-03,9.51496109e-03
576.0,1.09403252e-02,1.04496500e-02,1.12876241e-02,9.56869661e-03,9.49363807e-03
577.0,1.09471685e-02,1.04634529e-02,1.12386628e-02,9.55122381e-03,9.47968174e-03
578.0,1.09496366e-02,1.04663449e-02,1.11784666e-02,9.54633501e-03,9.47047592e-03
579.0,1.09518171e-02,1.04704991e-02,1.11028818e-02,9.52704361e-03,9.44431385e-03
580.0,1.09475291e-02,1.04759909e-02,1.10237094e-02,9.49225573e-03,9.41392605e-03
581.0,1.09397292e-02,1.04780010e-02,1.09304462e-02,9.45109028e-03,9.37388035e-03
582.0,1.09350164e-02,1.04793556e-02,1.08285668e-02,9.40543685e-03,9.32534881e-03
583.0,1.09306356e-02,1.04869732e-02,1.07190223e-02,9.34648973e-03,9.26940193e-03
584.0,1.09212455e-02,1.04811255e-02,1.06257545e-02,9.29619141e-03,9.22449209e-03
585.0,1.09135682e-02,1.04731411e-02,1.05196795e-02,9.26040416e-03,9.18929252e-03
586.0,1.09073019e-02,1.04834901e-02,1.03920999e-02,9.20256394e-03,9.11785369e-03
587.0,1.08933081e-02,1.04891718e-02,1.02789333e-02,9.09485211e-03,9.02698889e-03
588.0,1.08771698e-02,1.04540946e-02,1.01953876e-02,9.06993862e-03,9.01376833e-03
589.0,1.08689121e-02,1.04258190e-02,1.00986775e-02,9.12317543e-03,9.03504881e-03
590.0,1.08546356e-02,1.04171374e-02,9.97370271e-03,9.06629099e-03,8.96974197e-03
591.0,1.08385208e-02,1.04096370e-02,9.83777064e-03,8.99592377e-03,8.90956064e-03
592.0,1.08226350e-02,1.04019935e-02,9.69437061e-03,8.93129920e-03,8.83355172e-03
593.0,1.07992392e-02,1.03809937e-02,9.54403137e-03,8.84193857e-03,8.75743300e-03
594.0,1.07658424e-02,1.03469099e-02,9.39610878e-03,8.79036758e-03,8.70538133e-03
595.0,1.07231489e-02,1.03101271e-02,9.20204064e-03,8.70776880e-03,8.61493857e-03
596.0,1.06728080e-02,1.02736402e-02,8.99242268e-03,8.58805420e-03,8.49461910e-03
597.0,1.06139433e-02,1.02194459e-02,8.77070322e-03,8.46374696e-03,8.37483292e-03
598.0,1.05578947e-02,1.01700541e-02,8.57206932e-03,8.34653466e-03,8.25696027e-03
599.0,1.04998527e-02,1.01226258e-02,8.37454892e-03,8.21271183e-03,8.12925656e-03
600.0,1.04493448e-02,1.00778443e-02,8.20796132e-03,8.08527386e-03,8.01445359e-03
601.0,1.04125156e-02,1.00387985e-02,8.07874416e-03,8.00050049e-03,7.93626902e-03
602.0,1.03866127e-02,1.00182196e-02,7.98708351e-03,7.94236847e-03,7.87504930e-03
603.0,1.03588483e-02,1.00058218e-02,7.90012773e-03,7.87051140e-03,7.81027858e-03
604.0,1.03439925e-02,1.00024238e-02,7.83841970e-03,7.81228234e-03,7.75911449e-03
605.0,1.03285532e-02,9.99998824e-03,7.78873661e-03,7.77716081e-03,7.72684843e-03
606.0,1.03109754e-02,9.99694900e-03,7.74312921e-03,7.74088766e-03,7.69275211e-03
607.0,1.02995389e-02,9.99738545e-03,7.70475099e-03,7.70550792e-03,7.66443201e-03
608.0,1.02795100e-02,9.99495302e-03,7.66217648e-03,7.67795867e-03,7.63421357e-03
609.0,1.02613059e-02,9.99076710e-03,7.62333286e-03,7.64963152e-03,7.60820840e-03
610.0,1.02379554e-02,9.98450058e-03,7.57794580e-03,7.61645086e-03,7.57593401e-03
611.0,1.02218336e-02,9.98388985e-03,7.53692526e-03,7.58119004e-03,7.54209845e-03
612.0,1.02063600e-02,9.97730002e-03,7.49846605e-03,7.54356531e-03,7.51193780e-03
613.0,1.01853830e-02,9.96976621e-03,7.45510870e-03,7.51722547e-03,7.48323728e-03
614.0,1.01672476e-02,9.97166875e-03,7.40999183e-03,7.48089990e-03,7.44439534e-03
615.0,1.01510049e-02,9.96348095e-03,7.37754544e-03,7.44258486e-03,7.41675137e-03
616.0,1.01326297e-02,9.95492981e-03,7.34219438e-03,7.43397425e-03,7.40513954e-03
617.0,1.01245738e-02,9.95561604e-03,7.30649519e-03,7.41162522e-03,7.37609982e-03
618.0,1.01132009e-02,9.95814177e-03,7.26932013e-03,7.37961743e-03,7.34593895e-03
619.0,1.01037708e-02,9.96238069e-03,7.23120274e-03,7.34911111e-03,7.31920018e-03
620.0,1.00972371e-02,9.96931468e-03,7.19540429e-03,7.31535801e-03,7.28727189e-03
621.0,1.00952169e-02,9.97727095e-03,7.16853791e-03,7.28626133e-03,7.26761429e-03
622.0,1.00917908e-02,9.98048165e-03,7.13716691e-03,7.27294186e-03,7.24859939e-03
623.0,1.00916640e-02,9.98478480e-03,7.11331391e-03,7.25666824e-03,7.23230734e-03
624.0,1.00955853e-02,9.99261196e-03,7.08955075e-03,7.24152436e-03,7.22318147e-03
625.0,1.00945002e-02,9.99791184e-03,7.06143998e-03,7.23228485e-03,7.20707341e-03
626.0,1.00954532e-02,1.00055671e-02,7.03829693e-03,7.19697593e-03,7.17849366e-03
627.0,1.00987926e-02,1.00144687e-02,7.02001629e-03,7.18994830e-03,7.17051586e-03
628.0,1.01019753e-02,1.00133611e-02,7.00050598e-03,7.19270713e-03,7.16332820e-03
629.0,1.01014584e-02,1.00213512e-02,6.98058728e-03,7.16763578e-03,7.14662941e-03
630.0,1.01070065e-02,1.00260829e-02,6.96288226e-03,7.15881055e-03,7.13343345e-03
631.0,1.01094291e-02,1.00338834e-02,6.94886142e-03,7.14675705e-03,7.12331855e-03
632.0,1.01117744e-02,1.00413616e-02,6.93300355e-03,7.13619745e-03,7.11111568e-03
633.0,1.01246919e-02,1.00559067e-02,6.92054477e-03,7.11660129e-03,7.09606369e-03
634.0,1.01373218e-02,1.00701173e-02,6.90571298e-03,7.10673089e-03,7.08557269e-03
635.0,1.01478317e-02,1.00746567e-02,6.89811628e-03,7.10326427e-03,7.07945463e-03
636.0,1.01634749e-02,1.00869845e-02,6.88832646e-03,7.09972619e-03,7.07763440e-03
637.0,1.01859357e-02,1.01097133e-02,6.88224268e-03,7.09198879e-03,7.06997277e-03
638.0,1.02052440e-02,1.01346649e-02,6.87989608e-03,7.08684685e-03,7.06315435e-03
639.0,1.02271476e-02,1.01468549e-02,6.88054333e-03,7.08265951e-03,7.06705091e-03
640.0,1.02490138e-02,1.01591013e-02,6.88379972e-03,7.09822023e-03,7.07559667e-03
641.0,1.02706732e-02,1.01771227e-02,6.88442784e-03,7.10879534e-03,7.08388850e-03
642.0,1.02933376e-02,1.01955256e-02,6.88387337e-03,7.10937726e-03,7.08252275e-03
643.0,1.03086882e-02,1.02153747e-02,6.88204083e-03,7.11225396e-03,7.08026016e-03
644.0,1.03241955e-02,1.02322241e-02,6.88197072e-03,7.09850574e-03,7.07370380e-03
645.0,1.03313415e-02,1.02412240e-02,6.88027698e-03,7.09136521e-03,7.06403905e-03
646.0,1.03379915e-02,1.02511555e-02,6.88627801e-03,7.08897453e-03,7.05948188e-03
647.0,1.03295488e-02,1.02533241e-02,6.87985314e-03,7.08336581e-03,7.05231092e-03
648.0,1.03225502e-02,1.02451951e-02,6.87013428e-03,7.08008378e-03,7.04630826e-03
649.0,1.03006805e-02,1.02429080e-02,6.84433696e-03,7.06415198e-03,7.02200680e-03
650.0,1.02727340e-02,1.02316795e-02,6.80391887e-03,7.01494177e-03,6.96931882e-03
651.0,1.02329624e-02,1.02148521e-02,6.76125866e-03,6.95914055e-03,6.92539400e-03
652.0,1.01793452e-02,1.01893912e-02,6.69280669e-03,6.89837022e-03,6.85828913e-03
653.0,1.01179596e-02,1.01700445e-02,6.60880713e-03,6.79366806e-03,6.75888266e-03
654.0,1.00330191e-02,1.01380149e-02,6.52346885e-03,6.65620043e-03,6.64176237e-03
655.0,9.92860742e-03,1.00438202e-02,6.44615019e-03,6.57157218e-03,6.57209088e-03
656.0,9.81344711e-03,9.94489593e-03,6.34136155e-03,6.53396732e-03,6.51925245e-03
657.0,9.69998255e-03,9.88256768e-03,6.21286709e-03,6.40219756e-03,6.38011734e-03
658.0,9.58210466e-03,9.83124355e-03,6.09990710e-03,6.24529569e-03,6.25148869e-03
659.0,9.46374567e-03,9.77439688e-03,6.00186499e-03,6.11770154e-03,6.13892952e-03
660.0,9.34770875e-03,9.71207001e-03,5.90658646e-03,6.00477697e-03,6.03267608e-03
661.0,9.22882508e-03,9.65725787e-03,5.81740315e-03,5.88893087e-03,5.93083594e-03
662.0,9.11364587e-03,9.60206916e-03,5.73481803e-03,5.77964808e-03,5.83697118e-03
663.0,8.99219841e-03,9.54200112e-03,5.64779676e-03,5.68180931e-03,5.75164350e-03
664.0,8.88436455e-03,9.49275043e-03,5.56295639e-03,5.59439874e-03,5.66885345e-03
665.0,8.78162423e-03,9.44457963e-03,5.48548530e-03,5.51553465e-03,5.59490370e-03
666.0,8.68980087e-03,9.39334431e-03,5.41650021e-03,5.44221740e-03,5.53473124e-03
667.0,8.61046189e-03,9.35589215e-03,5.34825118e-03,5.38535999e-03,5.48292227e-03
668.0,8.54036646e-03,9.32270970e-03,5.28435118e-03,5.33199260e-03,5.43358429e-03
669.0,8.48240258e-03,9.29810741e-03,5.22824425e-03,5.28476956e-03,5.38939980e-03
670.0,8.43739747e-03,9.27738241e-03,5.17920452e-03,5.24634093e-03,5.36099189e-03
671.0,8.40382967e-03,9.25702981e-03,5.13365365e-03,5.22614539e-03,5.34024255e-03
672.0,8.38504603e-03,9.24847552e-03,5.09171166e-03,5.21419424e-03,5.32471466e-03
673.0,8.37439304e-03,9.24404455e-03,5.05458214e-03,5.20087150e-03,5.31473298e-03
674.0,8.37149188e-03,9.24490892e-03,5.02241473e-03,5.19583204e-03,5.31359454e-03
675.0,8.37833510e-03,9.25206587e-03,4.99307175e-03,5.20608565e-03,5.31394366e-03
676.0,8.39544946e-03,9.26381084e-03,4.96662468e-03,5.20987868e-03,5.32233190e-03
677.0,8.42384203e-03,9.28037931e-03,4.95164050e-03,5.22861694e-03,5.33452848e-03
678.0,8.46860550e-03,9.30454943e-03,4.94464789e-03,5.24621132e-03,5.35446823e-03
679.0,8.52255014e-03,9.33212635e-03,4.94478797e-03,5.27413002e-03,5.38127966e-03
680.0,8.59745293e-03,9.36828028e-03,4.95934116e-03,5.31753601e-03,5.41528171e-03
681.0,8.69052816e-03,9.41402126e-03,4.98261932e-03,5.36321173e-03,5.45611593e-03
682.0,8.80416520e-03,9.47040701e-03,5.01684384e-03,5.40995736e-03,5.50328391e-03
683.0,8.94204792e-03,9.53725896e-03,5.06243643e-03,5.47427045e-03,5.56970098e-03
684.0,9.10539184e-03,9.63768220e-03,5.10396555e-03,5.55093307e-03,5.61967118e-03
685.0,9.29435321e-03,9.74754636e-03,5.16885356e-03,5.56416386e-03,5.65353004e-03
686.0,9.50451978e-03,9.81521519e-03,5.28280996e-03,5.70499708e-03,5.80483445e-03
687.0,9.67626570e-03,9.84293448e-03,5.34852705e-03,5.93732723e-03,5.98228136e-03
688.0,9.84908326e-03,9.90468144e-03,5.38011134e-03,5.99721146e-03,6.02826604e-03
689.0,1.00270943e-02,9.97523077e-03,5.40779698e-03,6.07812956e-03,6.09523427e-03
690.0,1.02240358e-02,1.00481964e-02,5.43047440e-03,6.13996096e-03,6.14450407e-03
691.0,1.03956022e-02,1.01133122e-02,5.44561320e-03,6.17984515e-03,6.18245597e-03
692.0,1.05645866e-02,1.01707777e-02,5.45937708e-03,6.23301834e-03,6.22741757e-03
693.0,1.07177506e-02,1.01984986e-02,5.46457963e-03,6.30888471e-03,6.29448613e-03
694.0,1.08589875e-02,1.02166821e-02,5.45500046e-03,6.38243238e-03,6.35435608e-03
695.0,1.09749293e-02,1.02338353e-02,5.41769532e-03,6.42259223e-03,6.37491134e-03
696.0,1.10703034e-02,1.02512645e-02,5.36556997e-03,6.41114868e-03,6.35841695e-03
697.0,1.11498057e-02,1.02597775e-02,5.31368274e-03,6.37254551e-03,6.32555971e-03
698.0,1.12227043e-02,1.02486617e-02,5.25871307e-03,6.35785426e-03,6.30934982e-03
699.0,1.12722375e-02,1.02145935e-02,5.19622022e-03,6.34138300e-03,6.28443313e-03
700.0,1.12994732e-02,1.01776974e-02,5.12500590e-03,6.30610149e-03,6.24559385e-03
701.0,1.13078217e-02,1.01285757e-02,5.05112046e-03,6.25875072e-03,6.19864820e-03
702.0,1.12998067e-02,1.00789314e-02,4.96187748e-03,6.20157725e-03,6.13214087e-03
703.0,1.12758037e-02,1.00212876e-02,4.85977654e-03,6.09201594e-03,6.03386806e-03
704.0,1.12432667e-02,9.96414089e-03,4.76530261e-03,6.00028586e-03,5.93863935e-03
705.0,1.11920926e-02,9.88785672e-03,4.66701066e-03,5.90278325e-03,5.84207410e-03
706.0,1.11177912e-02,9.79853031e-03,4.54924828e-03,5.77695719e-03,5.71657087e-03
707.0,1.10331446e-02,9.70050657e-03,4.44089385e-03,5.65626122e-03,5.59467979e-03
708.0,1.09309356e-02,9.59381528e-03,4.32771936e-03,5.52181411e-03,5.46239502e-03
709.0,1.08092495e-02,9.47493662e-03,4.20472222e-03,5.36627348e-03,5.31313817e-03
710.0,1.06638917e-02,9.34096367e-03,4.07575656e-03,5.20162481e-03,5.14665436e-03
711.0,1.05145321e-02,9.20134465e-03,3.95006208e-03,5.03292876e-03,4.98472621e-03
712.0,1.03462112e-02,9.05409022e-03,3.82462156e-03,4.86137522e-03,4.81276738e-03
713.0,1.01551348e-02,8.88357578e-03,3.68259781e-03,4.66188381e-03,4.61628951e-03
714.0,9.97590366e-03,8.74267739e-03,3.55531910e-03,4.46838262e-03,4.42771612e-03
715.0,9.79690419e-03,8.60501470e-03,3.43838926e-03,4.25858721e-03,4.22849680e-03
716.0,9.58206189e-03,8.42261741e-03,3.32591086e-03,4.06283880e-03,4.04531012e-03
717.0,9.36709135e-03,8.21840043e-03,3.22846578e-03,3.92360849e-03,3.90347169e-03
718.0,9.13409670e-03,7.99447085e-03,3.12775734e-03,3.78942679e-03,3.75985575e-03
719.0,8.86413740e-03,7.73434702e-03,3.00218304e-03,3.64693864e-03,3.60664512e-03
720.0,8.64793552e-03,7.55691361e-03,2.88392217e-03,3.49469818e-03,3.44312863e-03
721.0,8.45040570e-03,7.43370443e-03,2.77729075e-03,3.28910889e-03,3.25008086e-03
722.0,8.21262024e-03,7.27027608e-03,2.67519774e-03,3.08428932e-03,3.07915802e-03
723.0,7.97550550e-03,7.06826153e-03,2.59480460e-03,2.96220664e-03,2.95070078e-03
724.0,7.70073662e-03,6.83907544e-03,2.49639307e-03,2.82981263e-03,2.81247237e-03
725.0,7.44965325e-03,6.64322659e-03,2.40722816e-03,2.69684432e-03,2.67820627e-03
726.0,7.14515119e-03,6.41782223e-03,2.30304670e-03,2.54559781e-03,2.52604246e-03
727.0,6.82809323e-03,6.18169222e-03,2.20324347e-03,2.39848332e-03,2.38097116e-03
728.0,6.50650640e-03,5.93939476e-03,2.11051238e-03,2.25923131e-03,2.23906880e-03
729.0,6.12902580e-03,5.65664623e-03,2.00246286e-03,2.10948451e-03,2.08534372e-03
730.0,5.79070494e-03,5.39749102e-03,1.91464482e-03,1.97803688e-03,1.95773898e-03
731.0,5.45537733e-03,5.13406734e-03,1.82145847e-03,1.85010260e-03,1.82267167e-03
732.0,5.19890257e-03,4.94514688e-03,1.75036585e-03,1.74433880e-03,1.72297195e-03
733.0,4.94834784e-03,4.76412928e-03,1.68338644e-03,1.64709932e-03,1.62692903e-03
734.0,4.76911959e-03,4.62836980e-03,1.63757968e-03,1.57724517e-03,1.55788549e-03
735.0,4.61530540e-03,4.50806621e-03,1.59953563e-03,1.52507576e-03,1.50916084e-03
736.0,4.48739816e-03,4.40660812e-03,1.56839184e-03,1.48802930e-03,1.46433991e-03
737.0,4.40475124e-03,4.33997231e-03,1.54397668e-03,1.44470619e-03,1.43440677e-03
738.0,4.33331672e-03,4.28101672e-03,1.52510760e-03,1.42625992e-03,1.41022421e-03
739.0,4.28577821e-03,4.24469011e-03,1.51162038e-03,1.40712654e-03,1.39174267e-03
740.0,4.25206619e-03,4.21481792e-03,1.50118077e-03,1.38719164e-03,1.37720949e-03
741.0,4.23009644e-03,4.19441701e-03,1.49212499e-03,1.38599654e-03,1.36954535e-03
742.0,4.20789956e-03,4.18019422e-03,1.48699523e-03,1.37611680e-03,1.35960174e-03
743.0,4.19826210e-03,4.17393977e-03,1.47740236e-03,1.36291158e-03,1.35143448e-03
744.0,4.18737321e-03,4.16389011e-03,1.47280071e-03,1.35615570e-03,1.34668675e-03
745.0,4.17960576e-03,4.15864776e-03,1.46632452e-03,1.35113922e-03,1.34037981e-03
746.0,4.17500018e-03,4.15016246e-03,1.46241302e-03,1.34820877e-03,1.33544346e-03
747.0,4.17141109e-03,4.14581723e-03,1.45616403e-03,1.34432108e-03,1.32916999e-03
748.0,4.16581753e-03,4.14267230e-03,1.45410959e-03,1.34057222e-03,1.32549566e-03
749.0,4.16216239e-03,4.13773017e-03,1.45103490e-03,1.33695012e-03,1.31897717e-03
750.0,4.15595453e-03,4.13240267e-03,1.44568726e-03,1.33181871e-03,1.31727015e-03
751.0,4.15071935e-03,4.12904279e-03,1.43979617e-03,1.32421049e-03,1.31139918e-03
752.0,4.14531160e-03,4.12652201e-03,1.43599396e-03,1.32519954e-03,1.30681511e-03
753.0,4.14156098e-03,4.12190665e-03,1.43151455e-03,1.31096508e-03,1.30371953e-03
754.0,4.13695047e-03,4.12216516e-03,1.42995955e-03,1.31421532e-03,1.29812470e-03
755.0,4.13838239e-03,4.12005607e-03,1.42353181e-03,1.31113611e-03,1.29605844e-03
756.0,4.14035297e-03,4.11816449e-03,1.41963305e-03,1.30307254e-03,1.29264006e-03
757.0,4.14816266e-03,4.15263372e-03,1.40613522e-03,1.29220094e-03,1.27476780e-03
758.0,4.17723587e-03,4.21750698e-03,1.39592185e-03,1.24785733e-03,1.24255555e-03
759.0,4.24346607e-03,4.26666031e-03,1.44702401e-03,1.22097000e-03,1.24865061e-03
760.0,4.22894656e-03,4.17434294e-03,1.49996110e-03,1.37136960e-03,1.38708817e-03
761.0,4.21734722e-03,4.13671184e-03,1.47180754e-03,1.39596478e-03,1.36134013e-03
762.0,4.21491142e-03,4.15488831e-03,1.46506410e-03,1.34646628e-03,1.34003751e-03
763.0,4.20384293e-03,4.12633623e-03,1.45502041e-03,1.38618221e-03,1.34789955e-03
764.0,4.19941994e-03,4.11833522e-03,1.43833938e-03,1.36707472e-03,1.33066465e-03
765.0,4.20137535e-03,4.12430848e-03,1.42509663e-03,1.34227459e-03,1.31566314e-03
766.0,4.21353062e-03,4.13952558e-03,1.41268332e-03,1.33684414e-03,1.29936118e-03
767.0,4.22410168e-03,4.16028894e-03,1.40728894e-03,1.31349721e-03,1.28947505e-03
768.0,4.24312148e-03,4.17580393e-03,1.40301867e-03,1.30027259e-03,1.28363520e-03
769.0,4.25978629e-03,4.19025444e-03,1.40292302e-03,1.29629205e-03,1.28338746e-03
770.0,4.28233553e-03,4.20359797e-03,1.40162321e-03,1.29634854e-03,1.28415276e-03
771.0,4.31064939e-03,4.22376924e-03,1.40399072e-03,1.30462030e-03,1.28451209e-03
772.0,4.33511919e-03,4.24116258e-03,1.40777047e-03,1.29678378e-03,1.28892713e-03
773.0,4.36021502e-03,4.26149171e-03,1.40853144e-03,1.30276559e-03,1.29139044e-03
774.0,4.39674075e-03,4.28460476e-03,1.41270395e-03,1.30986809e-03,1.29647089e-03
775.0,4.42991551e-03,4.30754953e-03,1.41603334e-03,1.31492873e-03,1.29887797e-03
776.0,4.46502270e-03,4.33142464e-03,1.41692574e-03,1.32132994e-03,1.30775924e-03
777.0,4.50284914e-03,4.36061252e-03,1.42120035e-03,1.33233701e-03,1.31393611e-03
778.0,4.54379903e-03,4.38894589e-03,1.42602059e-03,1.33177174e-03,1.32055114e-03
779.0,4.58529121e-03,4.41384787e-03,1.43002758e-03,1.33903915e-03,1.32685863e-03
780.0,4.63347859e-03,4.44653129e-03,1.43806436e-03,1.34910071e-03,1.33642645e-03
781.0,4.67679361e-03,4.48657411e-03,1.44101364e-03,1.35324831e-03,1.34569321e-03
782.0,4.73163481e-03,4.52075566e-03,1.44777573e-03,1.36566002e-03,1.35064100e-03
783.0,4.78250426e-03,4.55823960e-03,1.45374821e-03,1.37438458e-03,1.36422390e-03
784.0,4.83706818e-03,4.59418328e-03,1.45894559e-03,1.38370248e-03,1.37153247e-03
785.0,4.88942258e-03,4.63374674e-03,1.46597895e-03,1.38932886e-03,1.38022000e-03
786.0,4.94584087e-03,4.67595150e-03,1.47589380e-03,1.39425366e-03,1.39142683e-03
787.0,5.00923884e-03,4.72051861e-03,1.48156366e-03,1.40714232e-03,1.40561400e-03
788.0,5.06637931e-03,4.76182667e-03,1.49128083e-03,1.42355623e-03,1.41530264e-03
789.0,5.13347705e-03,4.80817760e-03,1.49937766e-03,1.44134637e-03,1.43364945e-03
790.0,5.19618736e-03,4.85450235e-03,1.51080501e-03,1.44584159e-03,1.44597921e-03
791.0,5.25535150e-03,4.89474900e-03,1.51495245e-03,1.46641448e-03,1.46097488e-03
792.0,5.32398174e-03,4.94352814e-03,1.52963225e-03,1.49466196e-03,1.47863276e-03
793.0,5.39171632e-03,4.99104456e-03,1.53349553e-03,1.50687423e-03,1.49315419e-03
794.0,5.45036986e-03,5.03629222e-03,1.54205000e-03,1.50790011e-03,1.50191929e-03
795.0,5.51601083e-03,5.08236517e-03,1.56233688e-03,1.53215815e-03,1.52801855e-03
796.0,5.58083389e-03,5.12828239e-03,1.55923862e-03,1.55193567e-03,1.54024506e-03
797.0,5.63581725e-03,5.17135727e-03,1.56082853e-03,1.54269096e-03,1.54087210e-03
798.0,5.69160180e-03,5.21955663e-03,1.57742255e-03,1.55930035e-03,1.55894170e-03
799.0,5.74274244e-03,5.25472085e-03,1.58662459e-03,1.58044563e-03,1.57298330e-03
800.0,5.79635603e-03,5.29188072e-03,1.59099518e-03,1.59774644e-03,1.58890805e-03
801.0,5.84009683e-03,5.32614101e-03,1.59996356e-03,1.60908135e-03,1.60153901e-03
802.0,5.88117976e-03,5.35658395e-03,1.60532306e-03,1.62100644e-03,1.61364178e-03
803.0,5.91723609e-03,5.38122277e-03,1.60883449e-03,1.62891451e-03,1.62435494e-03
804.0,5.94425650e-03,5.40497722e-03,1.61179497e-03,1.63895706e-03,1.63261560e-03
805.0,5.96576532e-03,5.42372900e-03,1.61243126e-03,1.64762295e-03,1.63719227e-03
806.0,5.97532791e-03,5.43626639e-03,1.61010585e-03,1.64882401e-03,1.63734053e-03
807.0,5.98360814e-03,5.44963033e-03,1.61014094e-03,1.63596492e-03,1.63821034e-03
808.0,5.98217730e-03,5.44562033e-03,1.60553821e-03,1.65266212e-03,1.63622807e-03
809.0,5.96996142e-03,5.43801136e-03,1.60440347e-03,1.62591546e-03,1.63015538e-03
810.0,5.96043806e-03,5.42640779e-03,1.59945307e-03,1.63392579e-03,1.62706776e-03
811.0,5.93371428e-03,5.41754855e-03,1.58920441e-03,1.60558035e-03,1.61084387e-03
812.0,5.90313661e-03,5.39569854e-03,1.57918823e-03,1.60769436e-03,1.59314204e-03
813.0,5.85764452e-03,5.36811095e-03,1.57566289e-03,1.60400195e-03,1.58644805e-03
814.0,5.81475350e-03,5.33515967e-03,1.56749866e-03,1.59938681e-03,1.57627647e-03
815.0,5.75840104e-03,5.27914407e-03,1.56648336e-03,1.57460991e-03,1.56985364e-03
816.0,5.69671297e-03,5.22800660e-03,1.55455322e-03,1.55115137e-03,1.55911351e-03
817.0,5.62317086e-03,5.17496302e-03,1.53925805e-03,1.56072084e-03,1.54203096e-03
818.0,5.53481867e-03,5.11275730e-03,1.52333567e-03,1.55751776e-03,1.52656256e-03
819.0,5.44384526e-03,5.04158567e-03,1.50059694e-03,1.53759328e-03,1.50614888e-03
820.0,5.34581296e-03,4.99020648e-03,1.47383004e-03,1.49003497e-03,1.45902159e-03
821.0,5.20665371e-03,4.91846166e-03,1.44594853e-03,1.43977711e-03,1.41694781e-03
822.0,5.00926944e-03,4.74820318e-03,1.43264185e-03,1.40746387e-03,1.39427179e-03
823.0,4.84161435e-03,4.61285669e-03,1.39674496e-03,1.41623613e-03,1.36635381e-03
824.0,4.64118954e-03,4.48411800e-03,1.35651570e-03,1.33721371e-03,1.31708782e-03
825.0,4.41821655e-03,4.33617124e-03,1.31646698e-03,1.28779015e-03,1.25702522e-03
826.0,4.17817238e-03,4.17167783e-03,1.27734428e-03,1.25227207e-03,1.19826242e-03
827.0,3.90919848e-03,3.97474255e-03,1.23627453e-03,1.17770627e-03,1.14579388e-03
828.0,3.66039953e-03,3.79085544e-03,1.19684051e-03,1.15886361e-03,1.10049559e-03
829.0,3.45244473e-03,3.62926740e-03,1.15942718e-03,1.13088841e-03,1.05738914e-03
830.0,3.26410837e-03,3.48581341e-03,1.13420070e-03,1.07985633e-03,1.02165730e-03
831.0,3.09933029e-03,3.36008587e-03,1.10076177e-03,1.03164277e-03,9.83636683e-04
832.0,2.97181003e-03,3.27414490e-03,1.08485967e-03,1.00836122e-03,9.66909177e-04
833.0,2.87025398e-03,3.18914245e-03,1.06788318e-03,9.88781285e-04,9.42760121e-04
834.0,2.78083845e-03,3.12286476e-03,1.04554664e-03,9.75820499e-04,9.28479485e-04
835.0,2.72183732e-03,3.08009321e-03,1.04197526e-03,9.70520913e-04,9.13824758e-04
836.0,2.65892484e-03,3.03653845e-03,1.02980439e-03,9.56714431e-04,9.01159768e-04
837.0,2.61237865e-03,2.99478424e-03,1.01876410e-03,9.47403796e-04,8.93118080e-04
838.0,2.57009986e-03,2.96892747e-03,1.01042346e-03,9.27252704e-04,8.79338176e-04
839.0,2.53480659e-03,2.93734981e-03,1.00313854e-03,9.24823194e-04,8.73725862e-04
840.0,2.49002865e-03,2.90721681e-03,9.95871215e-04,9.20172818e-04,8.68612040e-04
841.0,2.45104695e-03,2.88633360e-03,9.88429806e-04,9.18709873e-04,8.55661158e-04
842.0,2.41723206e-03,2.85247569e-03,9.87344888e-04,9.20932893e-04,8.45725789e-04
843.0,2.38338695e-03,2.83028767e-03,9.77904077e-04,9.04929660e-04,8.42007027e-04
844.0,2.35096111e-03,2.79731699e-03,9.71550070e-04,9.04301473e-04,8.35454280e-04
845.0,2.31971009e-03,2.77332749e-03,9.67007744e-04,9.00290173e-04,8.35712241e-04
846.0,2.27840565e-03,2.75045272e-03,9.61935175e-04,8.93377528e-04,8.24227721e-04
847.0,2.24878415e-03,2.72484136e-03,9.51562713e-04,8.70752667e-04,8.10079004e-04
848.0,2.21224297e-03,2.69965572e-03,9.51952686e-04,8.67741482e-04,8.13703707e-04
849.0,2.17258637e-03,2.68016881e-03,9.43605201e-04,8.62138366e-04,8.10847537e-04
850.0,2.14882525e-03,2.64761438e-03,9.41422916e-04,8.65067693e-04,8.00524305e-04
851.0,2.11698611e-03,2.63294441e-03,9.37918466e-04,8.48158202e-04,7.95774769e-04
852.0,2.08651261e-03,2.61786547e-03,9.28117799e-04,8.52634929e-04,7.89295959e-04
853.0,2.06594237e-03,2.58388862e-03,9.29680732e-04,8.37503562e-04,7.87177993e-04
854.0,2.02832751e-03,2.56329676e-03,9.25446314e-04,8.44958924e-04,7.89936710e-04
855.0,1.99969533e-03,2.53501237e-03,9.22504507e-04,8.37359864e-04,7.71852856e-04
856.0,1.97024679e-03,2.52368475e-03,9.10918004e-04,8.21821089e-04,7.70909410e-04
857.0,1.95038788e-03,2.50622437e-03,9.04573912e-04,8.41407656e-04,7.57237392e-04
858.0,1.93672918e-03,2.48278701e-03,9.02952791e-04,8.21076249e-04,7.64703573e-04
859.0,1.90033128e-03,2.46252631e-03,8.99663236e-04,8.19881182e-04,7.59850047e-04
860.0,1.88845037e-03,2.44405365e-03,8.89658215e-04,8.17431595e-04,7.49119832e-04
861.0,1.85115174e-03,2.42037899e-03,8.89777825e-04,8.15865539e-04,7.54286456e-04
862.0,1.83434861e-03,2.40813907e-03,8.84316772e-04,8.02521584e-04,7.45452263e-04
863.0,1.81601572e-03,2.38629189e-03,8.79672252e-04,8.01472670e-04,7.36342616e-04
864.0,1.78573755e-03,2.37551114e-03,8.81975262e-04,7.81389153e-04,7.25795611e-04
865.0,1.76679186e-03,2.35601319e-03,8.69098581e-04,7.82943525e-04,7.32104878e-04
866.0,1.73103784e-03,2.32864401e-03,8.72092605e-04,7.92274477e-04,7.29612805e-04
867.0,1.70793873e-03,2.30527454e-03,8.60362576e-04,7.86629750e-04,7.17107647e-04
868.0,1.67379986e-03,2.27953826e-03,8.55667777e-04,7.83549175e-04,7.15560717e-04
869.0,1.65983078e-03,2.25697116e-03,8.55626600e-04,7.62791629e-04,7.09662930e-04
870.0,1.63015432e-03,2.23488827e-03,8.49741103e-04,7.59765031e-04,6.99676807e-04
871.0,1.59334091e-03,2.21589039e-03,8.40959338e-04,7.56075523e-04,7.02942838e-04
872.0,1.56747125e-03,2.19006259e-03,8.34009509e-04,7.47438199e-04,6.91565024e-04
873.0,1.53344962e-03,2.16359118e-03,8.35740581e-04,7.51072985e-04,6.89366283e-04
874.0,1.49814638e-03,2.14401397e-03,8.28571238e-04,7.61305225e-04,6.85539380e-04
875.0,1.47053194e-03,2.12427874e-03,8.21548132e-04,7.50758152e-04,6.72966028e-04
876.0,1.43701858e-03,2.08785324e-03,8.15001139e-04,7.65831689e-04,6.67376841e-04
877.0,1.41060411e-03,2.06838906e-03,8.12954468e-04,7.42853831e-04,6.59881121e-04
878.0,1.38848711e-03,2.05236973e-03,8.03843601e-04,7.29759685e-04,6.53017016e-04
879.0,1.34475659e-03,2.02376367e-03,7.98679994e-04,7.31789299e-04,6.46900489e-04
880.0,1.31417378e-03,2.00160692e-03,7.93864673e-04,7.33549825e-04,6.38932231e-04
881.0,1.29656145e-03,1.97054633e-03,7.86143382e-04,7.21264310e-04,6.38355105e-04
882.0,1.26610627e-03,1.94791750e-03,7.85504428e-04,7.07239352e-04,6.36734909e-04
883.0,1.24637119e-03,1.92168208e-03,7.81270454e-04,6.94231270e-04,6.29444028e-04
884.0,1.21764263e-03,1.90940379e-03,7.77125341e-04,6.93552391e-04,6.23699175e-04
885.0,1.18653876e-03,1.87906439e-03,7.67702147e-04,6.93263775e-04,6.17788748e-04
886.0,1.17186016e-03,1.85526204e-03,7.63634683e-04,6.59015824e-04,6.08921087e-04
887.0,1.14256571e-03,1.83913511e-03,7.67115032e-04,7.03423204e-04,6.05628520e-04
888.0,1.12777371e-03,1.81834534e-03,7.54836406e-04,6.49825072e-04,6.01788856e-04
889.0,1.10313296e-03,1.80910340e-03,7.51415234e-04,6.94932041e-04,6.01485174e-04
890.0,1.08098309e-03,1.78786686e-03,7.50419076e-04,6.73020136e-04,5.98184123e-04
891.0,1.05661803e-03,1.77374692e-03,7.43714592e-04,6.58798662e-04,5.86344309e-04
892.0,1.04059017e-03,1.75152442e-03,7.45889667e-04,6.62862310e-04,5.87878023e-04
893.0,1.03249214e-03,1.73317588e-03,7.42302470e-04,6.38885863e-04,5.74758194e-04
894.0,1.02695678e-03,1.73090364e-03,7.37988375e-04,6.63902427e-04,5.81634712e-04
895.0,9.91711236e-04,1.71199721e-03,7.36131682e-04,6.38010814e-04,5.65909326e-04
896.0,9.98479002e-04,1.70652169e-03,7.37107639e-04,6.96472361e-04,5.76101593e-04
897.0,9.83391652e-04,1.69239553e-03,7.48113581e-04,6.53418463e-04,5.86600581e-04
898.0,9.49293514e-04,1.68711924e-03,7.48837162e-04,6.51354208e-04,5.68432361e-04
899.0,9.38037619e-04,1.65475191e-03,7.49157045e-04,6.37320433e-04,5.70990318e-04
900.0,9.34162826e-04,1.64661226e-03,7.43606046e-04,6.50453925e-04,5.67645128e-04
901.0,9.06588253e-04,1.61396014e-03,7.40346082e-04,5.96637141e-04,5.72050029e-04
902.0,8.84119810e-04,1.57650714e-03,7.30785797e-04,6.78645251e-04,5.63717083e-04
903.0,8.80525030e-04,1.57322453e-03,7.16333603e-04,6.55145122e-04,5.52870644e-04
904.0,8.49628119e-04,1.56616910e-03,7.01803580e-04,6.20402022e-04,5.43107388e-04
905.0,8.47368224e-04,1.56557468e-03,7.14045473e-04,6.25875946e-04,5.38402023e-04
906.0,8.31914970e-04,1.55980440e-03,7.08255140e-04,6.18453776e-04,5.32570403e-04
907.0,8.18468521e-04,1.53247908e-03,7.15968414e-04,6.24779306e-04,5.38712749e-04
908.0,7.96320303e-04,1.50350135e-03,7.19380094e-04,6.24520392e-04,5.39303116e-04
909.0,7.92430468e-04,1.48601384e-03,7.02382726e-04,6.21909759e-04,5.36527437e-04
910.0,7.63370770e-04,1.46530064e-03,6.98535873e-04,6.00229581e-04,5.11273995e-04
911.0,7.59544470e-04,1.45022649e-03,6.93501056e-04,6.38901539e-04,5.12242245e-04
912.0,7.26634889e-04,1.42593463e-03,6.93645518e-04,6.09950166e-04,5.23471815e-04
913.0,7.08276221e-04,1.39994833e-03,6.96836783e-04,6.39903486e-04,5.04032910e-04
914.0,6.58052769e-04,1.37872038e-03,6.83156852e-04,6.37081943e-04,5.05885850e-04
915.0,6.54546701e-04,1.36266807e-03,6.67725114e-04,6.00752825e-04,4.95650391e-04
916.0,6.35887579e-04,1.31691696e-03,6.65803083e-04,6.45672752e-04,5.02941063e-04
917.0,6.16850784e-04,1.28244676e-03,6.53515911e-04,5.58856223e-04,4.96779930e-04
918.0,5.79573409e-04,1.25938399e-03,6.44260539e-04,5.96944795e-04,4.80988293e-04
919.0,5.77499102e-04,1.22340945e-03,6.23196681e-04,5.86972842e-04,4.68355177e-04
920.0,5.54583608e-04,1.19558478e-03,6.34861601e-04,5.79256189e-04,4.53942326e-04
921.0,5.23788435e-04,1.17837336e-03,6.15605854e-04,5.61760601e-04,4.44326745e-04
922.0,5.04970247e-04,1.13313794e-03,6.27152189e-04,5.79942626e-04,4.52693373e-04
923.0,4.98730833e-04,1.10689810e-03,5.96870730e-04,5.30726496e-04,4.37229257e-04
924.0,4.89007089e-04,1.05809928e-03,6.01126046e-04,5.41543065e-04,4.53712133e-04
925.0,4.47906507e-04,1.05547620e-03,5.82378859e-04,5.03883305e-04,4.25219742e-04
926.0,4.98697797e-04,1.01665575e-03,5.85576206e-04,5.04833109e-04,4.23946603e-04
927.0,4.73892076e-04,1.03454092e-03,6.09204859e-04,4.88607578e-04,4.15315445e-04
928.0,5.08172681e-04,1.01262994e-03,6.18833906e-04,5.02542556e-04,4.09665397e-04
929.0,5.32798141e-04,9.97028537e-04,6.07626354e-04,5.22283956e-04,4.57390526e-04
930.0,5.61216765e-04,1.10500667e-03,6.71235248e-04,4.98317429e-04,4.22959934e-04
931.0,7.57854905e-04,1.20542256e-03,8.23358994e-04,5.27242087e-04,5.52585934e-04
932.0,7.64180378e-04,1.30110834e-03,9.53518409e-04,5.07461220e-04,6.40034454e-04
933.0,7.41553529e-04,1.17743032e-03,8.35428082e-04,6.54714411e-04,5.26850464e-04
934.0,8.08531426e-04,1.27308414e-03,7.45538629e-04,9.07993145e-04,5.61257504e-04
935.0,7.36282542e-04,1.19987509e-03,7.96994770e-04,7.78145200e-04,5.79576061e-04
936.0,6.73217979e-04,1.08189858e-03,8.83007334e-04,9.06184638e-04,4.73446821e-04
937.0,5.26713830e-04,9.32471758e-04,6.14811949e-04,8.83654723e-04,5.37361028e-04
938.0,4.08129582e-04,8.48201325e-04,6.37632756e-04,6.90750199e-04,4.05028402e-04
939.0,5.12838923e-04,8.28673541e-04,6.02686639e-04,5.07547871e-04,3.74308112e-04
940.0,5.19627654e-04,8.34579926e-04,6.19369500e-04,5.35706407e-04,3.97226615e-04
941.0,5.00366431e-04,8.77618637e-04,6.24651659e-04,5.78208516e-04,3.88178814e-04
942.0,6.09092017e-04,8.32851156e-04,6.40357032e-04,4.20954671e-04,4.80749771e-04
943.0,5.80821006e-04,7.84863389e-04,6.67335077e-04,4.21135811e-04,4.03390069e-04
944.0,5.96901590e-04,8.10424021e-04,6.85832357e-04,3.01795893e-04,3.60193691e-04
945.0,5.30377787e-04,7.81653194e-04,6.70610522e-04,5.21450494e-04,3.79458890e-04
946.0,5.19261379e-04,7.76949377e-04,6.57733743e-04,6.47326776e-04,3.86045655e-04
947.0,5.27465608e-04,6.22850019e-04,6.30290008e-04,5.98434643e-04,3.37363924e-04
948.0,5.03340830e-04,6.81839682e-04,6.05898464e-04,6.06587126e-04,3.72523216e-04
949.0,4.65116424e-04,6.39425817e-04,5.76166022e-04,5.91592209e-04,3.41152249e-04
950.0,5.10500695e-04,6.73894182e-04,5.72375092e-04,5.00287394e-04,3.23130091e-04
