# scaled-mean R_rs; shape_cv_pct=1.007 amp_cv_pct=0.37 n=3
wavelength_nm,Rrs_mean,shape_sd,plain_sd
400.0,3.41327798e-03,3.55747095e-05,2.45043255e-05
401.0,3.41589206e-03,3.35753598e-05,2.27497740e-05
402.0,3.41953313e-03,3.37564315e-05,2.29030515e-05
403.0,3.42197603e-03,3.02406968e-05,1.92123300e-05
404.0,3.42374230e-03,3.00908623e-05,1.87436918e-05
405.0,3.42437999e-03,3.15496458e-05,2.00028427e-05
406.0,3.42575816e-03,3.10631543e-05,1.91418150e-05
407.0,3.42622553e-03,3.15807033e-05,1.94814423e-05
408.0,3.42752186e-03,3.44731158e-05,2.22964191e-05
409.0,3.42706499e-03,3.48958548e-05,2.25765930e-05
410.0,3.42752386e-03,3.58655790e-05,2.35041920e-05
411.0,3.42814380e-03,3.60590973e-05,2.36337666e-05
412.0,3.43125253e-03,3.44374203e-05,2.19976008e-05
413.0,3.43469337e-03,3.37100834e-05,2.12250378e-05
414.0,3.44168399e-03,3.32564569e-05,2.06998971e-05
415.0,3.44857393e-03,3.44322131e-05,2.18215824e-05
416.0,3.45762028e-03,3.39010081e-05,2.12631891e-05
417.0,3.46897987e-03,3.45748318e-05,2.18890771e-05
418.0,3.47901922e-03,3.40612203e-05,2.13388032e-05
419.0,3.48876691e-03,3.20295090e-05,1.92706257e-05
420.0,3.50081571e-03,3.17145803e-05,1.89279723e-05
421.0,3.51194898e-03,3.25208662e-05,1.97163795e-05
422.0,3.52402964e-03,3.21554682e-05,1.92985930e-05
423.0,3.53617479e-03,3.30747603e-05,2.02237655e-05
424.0,3.54816360e-03,3.32541563e-05,2.04465969e-05
425.0,3.55946652e-03,3.18350586e-05,1.89732086e-05
426.0,3.57278745e-03,3.14276467e-05,1.84760733e-05
427.0,3.58270422e-03,2.86609311e-05,1.56014519e-05
428.0,3.60031113e-03,2.97050453e-05,1.66751108e-05
429.0,3.62230665e-03,3.72649092e-05,2.46356818e-05
430.0,3.62831980e-03,4.01250473e-05,2.76360576e-05
431.0,3.62388888e-03,3.66088882e-05,2.39872055e-05
432.0,3.62822497e-03,3.40056092e-05,2.11750771e-05
433.0,3.63896529e-03,3.58213834e-05,2.29831054e-05
434.0,3.64764856e-03,3.70907973e-05,2.42052620e-05
435.0,3.65507015e-03,3.63158880e-05,2.33446406e-05
436.0,3.67263958e-03,3.48636744e-05,2.18282426e-05
437.0,3.69655109e-03,3.40621853e-05,2.11136013e-05
438.0,3.72352941e-03,3.46119100e-05,2.19066521e-05
439.0,3.74877218e-03,3.58820499e-05,2.31013923e-05
440.0,3.77406631e-03,3.73343496e-05,2.44517803e-05
441.0,3.80198465e-03,3.68030501e-05,2.37034421e-05
442.0,3.83675387e-03,3.52766236e-05,2.21265875e-05
443.0,3.87998398e-03,3.24731568e-05,1.92514965e-05
444.0,3.92775981e-03,3.17519312e-05,1.84323649e-05
445.0,3.97789356e-03,3.25574667e-05,1.89982655e-05
446.0,4.02338983e-03,3.35631537e-05,1.97479452e-05
447.0,4.07008900e-03,3.29730905e-05,1.91379708e-05
448.0,4.11778445e-03,3.15418434e-05,1.75060444e-05
449.0,4.16571647e-03,3.00121389e-05,1.58958582e-05
450.0,4.21095421e-03,2.91283946e-05,1.49228246e-05
451.0,4.26006320e-03,2.99465944e-05,1.56272862e-05
452.0,4.31333849e-03,2.62786881e-05,1.12575035e-05
453.0,4.35606754e-03,3.35651593e-05,1.84294063e-05
454.0,4.39631532e-03,2.93894533e-05,1.43650817e-05
455.0,4.43362244e-03,2.49543353e-05,1.06091778e-05
456.0,4.46439476e-03,2.72953450e-05,1.36722527e-05
457.0,4.50943474e-03,2.55387796e-05,1.09812654e-05
458.0,4.54375745e-03,2.71320380e-05,1.21570131e-05
459.0,4.58330704e-03,2.71149248e-05,1.17146570e-05
460.0,4.61403097e-03,2.43893904e-05,1.00372398e-05
461.0,4.64613562e-03,2.53361292e-05,9.55480485e-06
462.0,4.68275321e-03,2.44815751e-05,8.43826516e-06
463.0,4.72404863e-03,2.50774380e-05,1.05001466e-05
464.0,4.76135763e-03,2.71331522e-05,1.16809661e-05
465.0,4.80140421e-03,2.55249181e-05,9.44941522e-06
466.0,4.83711233e-03,2.46224395e-05,1.00357655e-05
467.0,4.86992080e-03,2.50800920e-05,8.17250520e-06
468.0,4.90695106e-03,2.57484799e-05,9.78049746e-06
469.0,4.94457665e-03,2.59991686e-05,9.68275720e-06
470.0,4.97263894e-03,2.49546932e-05,9.85829557e-06
471.0,5.00191144e-03,2.20935072e-05,9.49655252e-06
472.0,5.03183643e-03,2.54046285e-05,1.06135322e-05
473.0,5.06022225e-03,2.34958823e-05,8.43064235e-06
474.0,5.08750775e-03,2.47678287e-05,1.15951843e-05
475.0,5.11647485e-03,2.41726133e-05,1.01722933e-05
476.0,5.14142809e-03,2.31131612e-05,1.04490702e-05
477.0,5.16460249e-03,2.53131981e-05,1.19306213e-05
478.0,5.19065410e-03,2.35741549e-05,1.14952524e-05
479.0,5.21501493e-03,2.65119983e-05,1.30322230e-05
480.0,5.23748467e-03,2.27061616e-05,1.18667424e-05
481.0,5.26492508e-03,2.49879732e-05,1.12093552e-05
482.0,5.29423829e-03,2.36211885e-05,1.03164067e-05
483.0,5.32161866e-03,2.03488483e-05,9.30435913e-06
484.0,5.36141854e-03,2.23534101e-05,9.53027366e-06
485.0,5.41738587e-03,2.39021789e-05,1.11388884e-05
486.0,5.45394625e-03,2.61523679e-05,1.36089246e-05
487.0,5.48505424e-03,2.29608920e-05,1.21533695e-05
488.0,5.52196030e-03,2.63692135e-05,1.23742708e-05
489.0,5.55310091e-03,2.30942044e-05,1.12558682e-05
490.0,5.60424061e-03,2.42331501e-05,1.23140777e-05
491.0,5.65774803e-03,1.98302648e-05,1.22759187e-05
492.0,5.71233965e-03,2.28073486e-05,1.23982914e-05
493.0,5.75756904e-03,2.25540146e-05,1.08828815e-05
494.0,5.80566910e-03,2.29779419e-05,9.78403441e-06
495.0,5.86911592e-03,2.12432499e-05,9.09951281e-06
496.0,5.92293223e-03,1.85412949e-05,1.11620482e-05
497.0,5.98504988e-03,2.10395719e-05,1.41391642e-05
498.0,6.05032091e-03,1.79181204e-05,1.27413018e-05
499.0,6.11098347e-03,2.02051998e-05,1.11340076e-05
500.0,6.18824871e-03,1.92056832e-05,1.18688198e-05
501.0,6.24963837e-03,1.93466896e-05,1.18620749e-05
502.0,6.31047821e-03,1.89036730e-05,1.22297295e-05
503.0,6.38074235e-03,1.87633926e-05,1.24657965e-05
504.0,6.43943146e-03,1.89324191e-05,1.22530806e-05
505.0,6.49841922e-03,1.70004775e-05,1.36797671e-05
506.0,6.55634809e-03,1.50195463e-05,1.51635292e-05
507.0,6.62225584e-03,1.37489448e-05,1.45745793e-05
508.0,6.67582150e-03,1.76470189e-05,1.40517030e-05
509.0,6.72611330e-03,1.52759868e-05,1.63389598e-05
510.0,6.77963617e-03,1.66719262e-05,1.40983794e-05
511.0,6.82913163e-03,1.49116116e-05,1.70573609e-05
512.0,6.89042776e-03,1.60623930e-05,1.41571117e-05
513.0,6.95076322e-03,1.40599200e-05,1.80319370e-05
514.0,7.00508863e-03,1.30651346e-05,1.87774673e-05
515.0,7.07295393e-03,1.45799885e-05,1.66886251e-05
516.0,7.15760886e-03,1.63888778e-05,1.63190474e-05
517.0,7.24016132e-03,1.58752005e-05,1.72636650e-05
518.0,7.30460949e-03,1.52777529e-05,1.73851362e-05
519.0,7.37852327e-03,1.47741219e-05,1.99639484e-05
520.0,7.44435345e-03,1.43047033e-05,1.90135420e-05
521.0,7.52549492e-03,1.24786700e-05,2.06260596e-05
522.0,7.61171809e-03,1.54957344e-05,2.08516140e-05
523.0,7.70406403e-03,1.43501346e-05,2.08244990e-05
524.0,7.77659837e-03,1.30260076e-05,2.12530559e-05
525.0,7.88576431e-03,1.26733050e-05,2.35497730e-05
526.0,8.00244768e-03,1.33315067e-05,2.10376929e-05
527.0,8.10465117e-03,9.66395627e-06,2.42523188e-05
528.0,8.19366039e-03,1.16167215e-05,2.42593342e-05
529.0,8.30251970e-03,1.04086989e-05,2.65930561e-05
530.0,8.39592197e-03,1.09444261e-05,2.38331363e-05
531.0,8.51428428e-03,9.15652485e-06,2.78288250e-05
532.0,8.62972939e-03,1.06870477e-05,2.54346811e-05
533.0,8.74566829e-03,8.96036996e-06,2.80643547e-05
534.0,8.84663788e-03,6.89110468e-06,3.09431891e-05
535.0,8.95745890e-03,7.63493958e-06,3.05831515e-05
536.0,9.06381893e-03,4.19260055e-06,3.19459168e-05
537.0,9.17612846e-03,4.16513852e-06,3.09792489e-05
538.0,9.26884254e-03,7.20672156e-06,3.30440905e-05
539.0,9.38445563e-03,4.72746309e-06,3.45127761e-05
540.0,9.48570860e-03,3.91187573e-06,3.18983961e-05
541.0,9.58648909e-03,3.66406073e-06,3.74761830e-05
542.0,9.68030829e-03,2.94059471e-06,3.60605358e-05
543.0,9.76845626e-03,2.74701237e-06,3.47135363e-05
544.0,9.85554073e-03,3.18277984e-06,3.73681776e-05
545.0,9.93534155e-03,2.74385667e-06,3.90852895e-05
546.0,1.00200524e-02,2.36049349e-06,3.64148572e-05
547.0,1.00962508e-02,5.02327312e-06,4.17611776e-05
548.0,1.01733238e-02,2.11362903e-06,3.69085982e-05
549.0,1.02410727e-02,4.30734912e-06,4.16704679e-05
550.0,1.03198677e-02,3.20123375e-06,4.10191910e-05
551.0,1.03915997e-02,2.07513840e-06,4.00939028e-05
552.0,1.04709424e-02,4.06613431e-06,4.24405153e-05
553.0,1.05426893e-02,4.78869863e-06,4.34348857e-05
554.0,1.06066490e-02,4.19040282e-06,4.28502067e-05
555.0,1.06775862e-02,5.16616271e-06,4.42979321e-05
556.0,1.07445797e-02,4.01534426e-06,4.33992856e-05
557.0,1.08040360e-02,4.48671876e-06,4.39977358e-05
558.0,1.08728146e-02,3.46852374e-06,4.29112086e-05
559.0,1.09265428e-02,4.89616988e-06,4.48485150e-05
560.0,1.09714698e-02,6.25297105e-06,4.62092820e-05
561.0,1.10142153e-02,3.91786309e-06,4.42016386e-05
562.0,1.10548653e-02,5.75476141e-06,4.62614513e-05
563.0,1.10876668e-02,4.82744849e-06,4.53720287e-05
564.0,1.11168880e-02,4.37216774e-06,4.51100943e-05
565.0,1.11492622e-02,6.35097050e-06,4.72183378e-05
566.0,1.11655758e-02,5.92091413e-06,4.68452053e-05
567.0,1.11758411e-02,4.34732462e-06,4.51629757e-05
568.0,1.11851366e-02,3.75562028e-06,4.47554505e-05
569.0,1.11878659e-02,3.28705537e-06,4.40560879e-05
570.0,1.11904027e-02,3.98452800e-06,4.45944740e-05
571.0,1.11789747e-02,3.91353984e-06,4.44989822e-05
572.0,1.11557350e-02,6.20598400e-06,4.61295868e-05
573.0,1.11223857e-02,5.07156081e-06,4.47228721e-05
574.0,1.10943321e-02,4.02156571e-06,4.38966766e-05
575.0,1.10599155e-02,4.74658625e-06,4.43989646e-05
576.0,1.10085417e-02,3.92562673e-06,4.36624634e-05
577.0,1.09581729e-02,5.22312614e-06,4.46710627e-05
578.0,1.08950338e-02,5.17016743e-06,4.46016392e-05
579.0,1.08263323e-02,5.05449121e-06,4.41499235e-05
580.0,1.07512351e-02,4.60976305e-06,4.36255830e-05
581.0,1.06657206e-02,4.80714273e-06,4.33191791e-05
582.0,1.05703944e-02,6.14380791e-06,4.44645236e-05
583.0,1.04704730e-02,3.50721851e-06,4.13392880e-05
584.0,1.03813536e-02,6.05129229e-06,4.25426466e-05
585.0,1.02798958e-02,3.86738744e-06,4.14287723e-05
586.0,1.01714779e-02,6.03098897e-06,4.18632683e-05
587.0,1.00678773e-02,5.96151005e-06,4.28643344e-05
588.0,9.97210018e-03,4.60587568e-06,4.07538651e-05
589.0,9.87478382e-03,6.40628688e-06,4.23395717e-05
590.0,9.76247417e-03,4.51551736e-06,4.02740532e-05
591.0,9.63645692e-03,6.54181444e-06,4.18650350e-05
592.0,9.50727018e-03,4.81146032e-06,3.91218483e-05
593.0,9.36742913e-03,3.74506454e-06,3.80605747e-05
594.0,9.22209291e-03,5.29391218e-06,3.89419034e-05
595.0,9.04872800e-03,4.68705854e-06,3.78172597e-05
596.0,8.85257845e-03,7.36869905e-06,3.91556808e-05
597.0,8.64689966e-03,6.44437485e-06,3.81343001e-05
598.0,8.46273069e-03,7.34221790e-06,3.83145205e-05
599.0,8.28023930e-03,4.91444423e-06,3.52404404e-05
600.0,8.12112578e-03,7.99166156e-06,3.77302892e-05
601.0,7.99725072e-03,9.97554785e-06,3.85203336e-05
602.0,7.91107590e-03,7.76328523e-06,3.67103068e-05
603.0,7.83014742e-03,8.20228733e-06,3.69076327e-05
604.0,7.76907749e-03,8.86547269e-06,3.73490943e-05
605.0,7.72157296e-03,6.26681623e-06,3.45069348e-05
606.0,7.67663762e-03,5.02285556e-06,3.23964665e-05
607.0,7.64111070e-03,9.46699779e-06,3.74717945e-05
608.0,7.59816823e-03,7.85742167e-06,3.56922759e-05
609.0,7.55923736e-03,7.11155221e-06,3.43456199e-05
610.0,7.51658752e-03,6.84423735e-06,3.43823456e-05
611.0,7.47673442e-03,8.75383252e-06,3.61384678e-05
612.0,7.43632247e-03,4.55481718e-06,3.17082832e-05
613.0,7.39457914e-03,5.81788925e-06,3.25373346e-05
614.0,7.35285771e-03,5.83281686e-06,3.27819996e-05
615.0,7.31683300e-03,7.20903728e-06,3.38725296e-05
616.0,7.27857344e-03,8.61278063e-06,3.51046853e-05
617.0,7.24715913e-03,5.50443416e-06,3.12771132e-05
618.0,7.21162373e-03,6.38646835e-06,3.28236860e-05
619.0,7.17488538e-03,5.74504368e-06,3.12744325e-05
620.0,7.13964485e-03,8.20052922e-06,3.43740421e-05
621.0,7.11570570e-03,8.19543557e-06,3.31165070e-05
622.0,7.08134182e-03,6.72601174e-06,3.21523552e-05
623.0,7.05816322e-03,7.43245531e-06,3.31055969e-05
624.0,7.03127064e-03,7.22113211e-06,3.29817666e-05
625.0,7.00783058e-03,9.76615721e-06,3.47204241e-05
626.0,6.98512634e-03,9.17016344e-06,3.45560801e-05
627.0,6.96364877e-03,6.97004700e-06,3.21007489e-05
628.0,6.94447655e-03,7.02759524e-06,3.19834454e-05
629.0,6.92390757e-03,9.09726884e-06,3.36269835e-05
630.0,6.90533441e-03,7.10489081e-06,3.22740012e-05
631.0,6.89190230e-03,9.15443404e-06,3.37232349e-05
632.0,6.87525583e-03,8.52027050e-06,3.36085093e-05
633.0,6.86339791e-03,8.01062962e-06,3.18266630e-05
634.0,6.85075437e-03,7.81773270e-06,3.28349475e-05
635.0,6.84127528e-03,7.52715790e-06,3.18441301e-05
636.0,6.82906621e-03,4.30124680e-06,2.84013186e-05
637.0,6.82430235e-03,6.19211750e-06,3.01918325e-05
638.0,6.82402191e-03,7.74083689e-06,3.19569186e-05
639.0,6.82403194e-03,6.02159358e-06,3.07598714e-05
640.0,6.82426506e-03,8.34528481e-06,3.26930800e-05
641.0,6.82297996e-03,7.36565802e-06,3.22365712e-05
642.0,6.82349490e-03,6.14380955e-06,3.10640624e-05
643.0,6.82140445e-03,1.01933437e-05,3.49819021e-05
644.0,6.82408621e-03,1.08607346e-05,3.56868885e-05
645.0,6.82051659e-03,6.49202729e-06,3.08043330e-05
646.0,6.82539893e-03,9.23571566e-06,3.28095042e-05
647.0,6.81785673e-03,7.45883365e-06,3.14335902e-05
648.0,6.81002816e-03,9.98652556e-06,3.41976012e-05
649.0,6.78125262e-03,7.59840621e-06,3.21108597e-05
650.0,6.74766949e-03,8.12197946e-06,3.27085964e-05
651.0,6.70553054e-03,9.11947933e-06,3.35698546e-05
652.0,6.64394710e-03,1.22296146e-05,3.60842879e-05
653.0,6.56827973e-03,8.19497583e-06,3.22530879e-05
654.0,6.49245297e-03,8.79928532e-06,3.25970019e-05
655.0,6.41007636e-03,1.11095770e-05,3.44942424e-05
656.0,6.30440186e-03,9.35229905e-06,3.20244461e-05
657.0,6.18652343e-03,1.03775681e-05,3.30336878e-05
658.0,6.07900547e-03,8.08874364e-06,3.03584362e-05
659.0,5.98219244e-03,9.59692429e-06,3.02069031e-05
660.0,5.89758359e-03,9.17825140e-06,3.04099309e-05
661.0,5.81160662e-03,9.42699011e-06,3.00353714e-05
662.0,5.72932207e-03,6.49200303e-06,2.73600448e-05
663.0,5.64712561e-03,7.01137612e-06,2.71357342e-05
664.0,5.56190272e-03,8.20784928e-06,2.74030203e-05
665.0,5.48676359e-03,7.15030861e-06,2.51962086e-05
666.0,5.41847730e-03,5.49386856e-06,2.32646660e-05
667.0,5.35187705e-03,8.49165717e-06,2.73440655e-05
668.0,5.28931206e-03,4.31561959e-06,2.31679215e-05
669.0,5.23683411e-03,6.85174934e-06,2.38197277e-05
670.0,5.18879058e-03,6.44964631e-06,2.32477197e-05
671.0,5.14313039e-03,5.75715962e-06,2.26476811e-05
672.0,5.10064154e-03,5.13363232e-06,2.05274335e-05
673.0,5.06713983e-03,4.13539916e-06,2.11912316e-05
674.0,5.03413792e-03,4.43081965e-06,1.98436646e-05
675.0,5.00262998e-03,7.08568489e-06,2.34669003e-05
676.0,4.97790806e-03,5.73744139e-06,2.20890249e-05
677.0,4.95971384e-03,5.17633279e-06,2.08513229e-05
678.0,4.95484767e-03,7.23734248e-06,2.18562570e-05
679.0,4.95626647e-03,6.63948946e-06,2.13065531e-05
680.0,4.96736773e-03,8.13496248e-06,2.52604464e-05
681.0,4.99059205e-03,5.99419712e-06,2.26597195e-05
682.0,5.02703924e-03,8.15677372e-06,2.42731170e-05
683.0,5.06769922e-03,5.58110190e-06,2.27704951e-05
684.0,5.11922714e-03,7.44697198e-06,2.60371262e-05
685.0,5.18812705e-03,7.77229839e-06,2.56961612e-05
686.0,5.28407896e-03,7.35135963e-06,2.65962003e-05
687.0,5.34141300e-03,8.56931054e-06,2.81333935e-05
688.0,5.37828120e-03,9.92223995e-06,2.95277850e-05
689.0,5.40552859e-03,1.07810511e-05,3.04813531e-05
690.0,5.43375257e-03,1.55105805e-05,3.51365079e-05
691.0,5.45540882e-03,1.25769824e-05,3.25712624e-05
692.0,5.47000146e-03,1.44393371e-05,3.43005413e-05
693.0,5.47553855e-03,1.68952680e-05,3.61506138e-05
694.0,5.46891620e-03,1.76451976e-05,3.69813828e-05
695.0,5.43523551e-03,1.91446480e-05,3.83992094e-05
696.0,5.38918002e-03,2.09394659e-05,3.93414201e-05
697.0,5.34591907e-03,2.08829556e-05,3.96847491e-05
698.0,5.29554317e-03,2.60533089e-05,4.43157135e-05
699.0,5.23521324e-03,2.30152994e-05,4.10314227e-05
700.0,5.16736352e-03,2.21751369e-05,3.98007407e-05
701.0,5.09683955e-03,2.60578441e-05,4.27006287e-05
702.0,5.01220370e-03,2.35961340e-05,4.02075920e-05
703.0,4.92023394e-03,2.62720573e-05,4.24811963e-05
704.0,4.83076383e-03,2.79183939e-05,4.42924135e-05
705.0,4.73438687e-03,2.67306391e-05,4.16599742e-05
706.0,4.62009936e-03,2.80293113e-05,4.35175508e-05
707.0,4.51762888e-03,2.78022626e-05,4.30754984e-05
708.0,4.41067020e-03,2.84245898e-05,4.35427320e-05
709.0,4.29135090e-03,3.24396825e-05,4.59874565e-05
710.0,4.16741083e-03,2.90989619e-05,4.23466853e-05
711.0,4.04391499e-03,2.94817275e-05,4.22162069e-05
712.0,3.92436189e-03,3.27593308e-05,4.46149004e-05
713.0,3.78696366e-03,3.33319903e-05,4.51159130e-05
714.0,3.66869212e-03,3.47585006e-05,4.60108388e-05
715.0,3.55815237e-03,2.88091539e-05,3.93269953e-05
716.0,3.43969186e-03,3.15863504e-05,4.22652191e-05
717.0,3.34577181e-03,3.23778425e-05,4.28422276e-05
718.0,3.23236497e-03,3.24276251e-05,4.22350667e-05
719.0,3.11479381e-03,3.05104340e-05,3.98142627e-05
720.0,2.99851262e-03,3.39681951e-05,4.28167537e-05
721.0,2.89625378e-03,3.59684470e-05,4.46042509e-05
722.0,2.79676255e-03,3.33404572e-05,4.19958764e-05
723.0,2.72013676e-03,3.50436976e-05,4.28744597e-05
724.0,2.61342655e-03,3.42156198e-05,4.15125257e-05
725.0,2.53015335e-03,2.99251511e-05,3.66979347e-05
726.0,2.42521283e-03,3.62996372e-05,4.29685344e-05
727.0,2.32823517e-03,3.22374155e-05,3.83885556e-05
728.0,2.23098150e-03,3.79881037e-05,4.38507904e-05
729.0,2.12557545e-03,3.36956108e-05,3.92342801e-05
730.0,2.03588842e-03,3.70253642e-05,4.29898966e-05
731.0,1.94049225e-03,3.61116055e-05,4.13181924e-05
732.0,1.87338217e-03,3.82455844e-05,4.34647388e-05
733.0,1.80767113e-03,3.95317354e-05,4.45168472e-05
734.0,1.75868399e-03,3.47795866e-05,3.89818915e-05
735.0,1.72157037e-03,3.49895782e-05,3.96815296e-05
736.0,1.68859923e-03,3.30717629e-05,3.77795694e-05
737.0,1.66664954e-03,3.38696666e-05,3.80132799e-05
738.0,1.64671076e-03,3.43691437e-05,3.88855131e-05
739.0,1.63247021e-03,3.22148427e-05,3.66558040e-05
740.0,1.62198759e-03,3.49204821e-05,3.93809096e-05
741.0,1.61607509e-03,3.66969571e-05,4.08103755e-05
742.0,1.60720843e-03,3.35589067e-05,3.75267627e-05
743.0,1.60055134e-03,3.23371030e-05,3.65179257e-05
744.0,1.59307119e-03,3.25930110e-05,3.67979976e-05
745.0,1.58940992e-03,3.70981573e-05,4.14521251e-05
746.0,1.58480188e-03,3.27411975e-05,3.71872213e-05
747.0,1.57435066e-03,3.14657433e-05,3.56992758e-05
748.0,1.57526580e-03,3.24615232e-05,3.64510878e-05
749.0,1.57090628e-03,3.54135465e-05,3.96810277e-05
750.0,1.56545064e-03,3.32037773e-05,3.71192495e-05
751.0,1.55801605e-03,2.98030768e-05,3.36961930e-05
752.0,1.55472486e-03,3.11060850e-05,3.47742312e-05
753.0,1.55247493e-03,3.24537542e-05,3.66844835e-05
754.0,1.54917273e-03,3.02843406e-05,3.44001682e-05
755.0,1.54364678e-03,3.13557668e-05,3.54006447e-05
756.0,1.54077972e-03,2.79877852e-05,3.17903222e-05
757.0,1.53118541e-03,3.36665306e-05,3.76816120e-05
758.0,1.53037678e-03,3.17333108e-05,3.62916082e-05
759.0,1.55913028e-03,3.00799531e-05,3.21168775e-05
760.0,1.60792868e-03,3.44620381e-05,3.93038224e-05
761.0,1.58291879e-03,3.68326380e-05,4.08125711e-05
762.0,1.57291356e-03,3.11313426e-05,3.40846406e-05
763.0,1.56044823e-03,3.40300231e-05,3.71125212e-05
764.0,1.54687725e-03,3.39522379e-05,3.79301500e-05
765.0,1.53783206e-03,2.48831555e-05,2.86387563e-05
766.0,1.53044338e-03,2.98920855e-05,3.38220481e-05
767.0,1.52714584e-03,2.90103938e-05,3.31976276e-05
768.0,1.51840978e-03,3.31516863e-05,3.67072266e-05
769.0,1.52033019e-03,2.97356395e-05,3.34828011e-05
770.0,1.52020595e-03,3.41513728e-05,3.81036128e-05
771.0,1.52119437e-03,3.11217384e-05,3.49268788e-05
772.0,1.52731792e-03,3.19265677e-05,3.57712220e-05
773.0,1.52532661e-03,3.00608910e-05,3.36848806e-05
774.0,1.52924207e-03,2.80654575e-05,3.18097660e-05
775.0,1.53351495e-03,3.05591471e-05,3.48170901e-05
776.0,1.53430519e-03,2.92782545e-05,3.31441547e-05
777.0,1.53446699e-03,2.81238383e-05,3.18246521e-05
778.0,1.54433759e-03,3.08389772e-05,3.47882402e-05
779.0,1.54563691e-03,3.41003268e-05,3.79485274e-05
780.0,1.55355421e-03,2.94956902e-05,3.33100213e-05
781.0,1.55887824e-03,2.87484609e-05,3.32880436e-05
782.0,1.56470829e-03,3.04582638e-05,3.43483394e-05
783.0,1.57177861e-03,2.75477177e-05,3.17804790e-05
784.0,1.57319613e-03,3.17090578e-05,3.57162396e-05
785.0,1.58140256e-03,3.03296723e-05,3.42591385e-05
786.0,1.59114853e-03,2.86513117e-05,3.28268869e-05
787.0,1.59609843e-03,2.70106256e-05,3.10063303e-05
788.0,1.60458390e-03,2.86623273e-05,3.23709077e-05
789.0,1.61578113e-03,2.77543792e-05,3.21305778e-05
790.0,1.62494575e-03,3.18519669e-05,3.51792088e-05
791.0,1.63163758e-03,2.90376376e-05,3.31111166e-05
792.0,1.64473017e-03,3.14066520e-05,3.52582773e-05
793.0,1.64690869e-03,2.96909735e-05,3.37286644e-05
794.0,1.65588730e-03,2.88276463e-05,3.29745583e-05
795.0,1.67648615e-03,2.85062806e-05,3.27731922e-05
796.0,1.67201747e-03,2.89733469e-05,3.33649388e-05
797.0,1.67659558e-03,2.98329651e-05,3.43130572e-05
798.0,1.69100685e-03,3.05778935e-05,3.51376171e-05
799.0,1.69725492e-03,2.73693949e-05,3.27394699e-05
800.0,1.70360048e-03,2.68125416e-05,3.11752373e-05
801.0,1.71285740e-03,2.71967073e-05,3.17799301e-05
802.0,1.71794603e-03,2.76927605e-05,3.24931854e-05
803.0,1.72291586e-03,2.37680928e-05,2.79731328e-05
804.0,1.72160100e-03,2.42403986e-05,2.96203804e-05
805.0,1.72348491e-03,2.66470348e-05,3.08553911e-05
806.0,1.72453026e-03,2.30311232e-05,2.76784068e-05
807.0,1.72027057e-03,2.79699840e-05,3.25964855e-05
808.0,1.71764059e-03,3.00857749e-05,3.48085746e-05
809.0,1.71513249e-03,3.26906227e-05,3.75188073e-05
810.0,1.70782353e-03,3.10700832e-05,3.48161884e-05
811.0,1.70448319e-03,3.25230016e-05,3.78354441e-05
812.0,1.69108268e-03,3.65934244e-05,4.04755652e-05
813.0,1.69286742e-03,3.23248745e-05,3.68427094e-05
814.0,1.67581546e-03,3.22353334e-05,3.74560104e-05
815.0,1.66927539e-03,3.08766003e-05,3.63424973e-05
816.0,1.65873040e-03,2.91133036e-05,3.22960879e-05
817.0,1.64364520e-03,2.82978608e-05,3.20763278e-05
818.0,1.62337229e-03,2.73648121e-05,3.16053299e-05
819.0,1.60858532e-03,2.78909205e-05,3.24168479e-05
820.0,1.58790109e-03,3.46116527e-05,3.93870424e-05
821.0,1.56131469e-03,2.41265860e-05,2.83320860e-05
822.0,1.54127683e-03,3.41571514e-05,3.88394813e-05
823.0,1.50208471e-03,2.62215449e-05,3.10547774e-05
824.0,1.46168914e-03,3.25175463e-05,3.56059523e-05
825.0,1.42289319e-03,2.08171548e-05,2.38991637e-05
826.0,1.37743102e-03,3.59837682e-05,3.99415534e-05
827.0,1.33976895e-03,2.49447172e-05,2.90830163e-05
828.0,1.30417006e-03,3.00400106e-05,3.27922035e-05
829.0,1.26574439e-03,2.80133405e-05,3.09937795e-05
830.0,1.22686179e-03,2.03180803e-05,2.36832585e-05
831.0,1.20594445e-03,2.55961838e-05,2.86538902e-05
832.0,1.19162972e-03,1.95188445e-05,2.29784080e-05
833.0,1.17916883e-03,3.10860693e-05,3.47508802e-05
834.0,1.14813537e-03,3.21919780e-05,3.55614965e-05
835.0,1.14904028e-03,2.29082011e-05,2.69552462e-05
836.0,1.13237739e-03,3.12453008e-05,3.38706787e-05
837.0,1.11398855e-03,2.47986509e-05,2.76688097e-05
838.0,1.11260368e-03,2.55964317e-05,2.82782516e-05
839.0,1.10151265e-03,2.57334018e-05,2.89776807e-05
840.0,1.09940984e-03,2.90132119e-05,3.14204273e-05
841.0,1.08441733e-03,3.44396388e-05,3.66397553e-05
842.0,1.09285206e-03,2.76241557e-05,3.05749685e-05
843.0,1.08095345e-03,2.54776383e-05,2.74614042e-05
844.0,1.07579035e-03,3.52886727e-05,3.82315559e-05
845.0,1.06987519e-03,2.78522989e-05,3.11787150e-05
846.0,1.07049436e-03,2.56432325e-05,2.89996932e-05
847.0,1.05267945e-03,2.97745472e-05,3.16998632e-05
848.0,1.04993054e-03,2.76977333e-05,3.03573181e-05
849.0,1.04074187e-03,2.29209408e-05,2.58049376e-05
850.0,1.04239782e-03,2.81602886e-05,3.07533116e-05
851.0,1.03644132e-03,2.47770437e-05,2.58519688e-05
852.0,1.02614038e-03,2.46240775e-05,2.75783062e-05
853.0,1.02450404e-03,1.65932441e-05,1.91454813e-05
854.0,1.01824162e-03,2.45558311e-05,2.60596256e-05
855.0,1.02622460e-03,1.16567706e-05,1.34534630e-05
856.0,9.97773638e-04,1.56190281e-05,1.92644324e-05
857.0,1.00110383e-03,2.95573271e-05,3.17961761e-05
858.0,1.00149937e-03,1.90754718e-05,2.21840007e-05
859.0,9.93950013e-04,2.94186795e-05,3.01739303e-05
860.0,9.95207117e-04,1.96638099e-05,2.26979150e-05
861.0,9.93246585e-04,3.30359919e-05,3.63062261e-05
862.0,9.89523912e-04,2.20224896e-05,2.51931484e-05
863.0,9.81305882e-04,4.19537749e-05,4.44274270e-05
864.0,9.91595200e-04,3.02175968e-05,3.27661033e-05
865.0,9.70304356e-04,2.65804322e-05,2.95980020e-05
866.0,9.73306223e-04,2.82798311e-05,3.09849802e-05
867.0,9.56535894e-04,2.73852880e-05,3.02510790e-05
868.0,9.56324623e-04,2.30945636e-05,2.52341175e-05
869.0,9.54098255e-04,2.71890664e-05,2.90565533e-05
870.0,9.50787926e-04,2.28874212e-05,2.53799911e-05
871.0,9.41776118e-04,2.19772544e-05,2.48104929e-05
872.0,9.33173547e-04,3.17391099e-05,3.34910006e-05
873.0,9.45120627e-04,1.92004856e-05,2.13554251e-05
874.0,9.30015743e-04,2.68816492e-05,2.90815442e-05
875.0,9.13389288e-04,2.65067913e-05,2.88860148e-05
876.0,9.12370153e-04,2.08929913e-05,2.20840105e-05
877.0,9.16527559e-04,2.31129397e-05,2.31049056e-05
878.0,8.96754889e-04,2.07947470e-05,2.37262021e-05
879.0,8.84326209e-04,1.85561557e-05,2.03814841e-05
880.0,8.82942309e-04,2.25314293e-05,2.47495242e-05
881.0,8.78263606e-04,2.76992108e-05,3.03896403e-05
882.0,8.82255844e-04,3.34707890e-05,3.61770571e-05
883.0,8.77490300e-04,3.27207465e-05,3.50514326e-05
884.0,8.76639081e-04,2.94779786e-05,3.14400667e-05
885.0,8.70139797e-04,3.09643126e-05,3.30270581e-05
886.0,8.62685188e-04,2.35855542e-05,2.56036324e-05
887.0,8.62525196e-04,2.10515890e-05,2.29015686e-05
888.0,8.44246833e-04,2.98178638e-05,3.20245781e-05
889.0,8.41114530e-04,2.43016769e-05,2.65144425e-05
890.0,8.42416609e-04,1.80842373e-05,2.03724812e-05
891.0,8.50357041e-04,1.01788987e-05,1.16449123e-05
892.0,8.42198939e-04,2.88787548e-05,3.19759165e-05
893.0,8.39347080e-04,2.28882764e-05,2.51896161e-05
894.0,8.47604597e-04,2.34042305e-05,2.43605897e-05
895.0,8.40491929e-04,4.10782644e-05,4.23053823e-05
896.0,8.22416487e-04,1.72110622e-05,1.74586079e-05
897.0,8.62072096e-04,2.99312422e-05,3.22246001e-05
898.0,8.49147797e-04,1.76382055e-05,2.05163587e-05
899.0,8.48508204e-04,3.62341569e-05,3.93790523e-05
900.0,8.37326969e-04,2.10189428e-05,2.12744920e-05
